Ingredient,Included
스테이크 소스,
꼬막,.
오징어 빵,
밀키스,
오리엔탈 소스,
여주,
염소 갈비,
시금치,
마요네즈 참치,
고구마 아몬드,
레몬 꿀,
치킨,
데미글라스소스,
부추 빵,
샐러리,
현미파스타면,
고메 치킨 박스로스트,
양파,
고추냉이,
딸기,
다시마간장,
감태,
사탕,
올리타리아,
포도당,
커피,
생크림 빵,
치즈,
크렌베리,
버섯 파프리카,
설탕,
애플민트,
애호박,
치즈베이글,
튀김우동,
뿌셔뿌셔,
욫 해물,.
페퍼민트,
양배추 사골 된장국,
홍합,.
초밥소스,
과카몰리,
산초 간장,
양배추 김치,
치킨무,
와사비,
귀리,
김치 콩나물국,
산적,
앤초비,
파스타,
북어,
나물,
고추장주물럭 양념,
카레 치즈,
마요네즈,
바지락 게,.
버섯,
간장 새우,.
유채,
와사비 마요네즈,
동태전,
양귀비씨,
갈비찜,
모싯잎 송편,
옻,
톳,
과일 견과류,
간장 오리불고기,
사이다,
보드카,
감자튀김,
우엉 밀,
카라멜 초코칩,
소스,
과일무,
발사믹식초,
호박 고구마,
오징어 부추 어묵,
알룰로스,
해물 멸치,.
상추 게,.
명란,
마카,
참나물 돌나물 세발나물,
시래기,
초장,
파인애플 쌀,
오이 양배추 겨자 식초 양파 마늘 파프리카,
두부,
초코케익,
후추 기름,
양념장,
초고추장,
콩나물김치 라면,
비빔면,
버터 마요네즈 양파,
황기,
두릅,
돈까스소스,
돼지불고기양념 간장,
귀리 쌀,
땅콩호박,
보리,
닭곰탕,
양념닭고기,
무화과,
명태,
레몬,
짜장라면,
아오리사과,
사과 대추,
브라우니,
카카오,
오리불고기,
된장,
유뷰초밥,
간장 후추 마늘 양파 사과,
토마토 마요네즈,
양배추 양파,
흑미 빵,
밀크 초콜릿,
도토리,
스파게티면,
사과 꿀,
불고기소스,
옥수수스프,
제피,
초코크림,
고추잡채,
다래,
대구,
칠리파우더,
오트밀식빵,
견과류,
두유,
배추,
민트,
알리오올리오소스,
두부찌개,
이까,
소금 우유,
굴소스 치킨스톡,.
오리백숙,
크림스파게티,
파인애플 치즈,
신라면,
고추 참치,
오징어젓갈,
귤잼,
오리 불고기,
깨 채소,
녹차코코넛,
콩,
돼지고기 새우 양파 파 숙주 당근 고추 파 잎채소 굴소스 맛술 소금 후추 물 밀,.
단호박,
올방개묵,
콘프레이크,
라면스프,.
조개,.
셜롯,
들기름,
쌈장,
멸치 다시마 버섯,
이금기소스,
국간장,
맥주,
수육 전골,
해물짬뽕,.
소금 깨,
쌍화탕,
카라멜 크림,
소금 버터,
미트볼 토마토,
스파게티소스,
파 간장,
녹차,
올리브유오일,
넛츠 초코,
멸치 새우,.
두유 커피,
깁밥,.
잣,
새싹귀리,
가지,
장조림,
우스터소스,
엄나무,
버섯 마늘 소금,
한약재,
쇠비름,
다시마 무,
오렌지술,
쑥,
딸기잼,
차조,
락교,
백숙,
카위,
갈치,
소불고기양념,
무김치,
녹차 아이스크림,
더덕,
명란 로제 스파게티소스,
깍두기밥,
버섯 토마토,
두부부침,
호박나물,
곰취,
초콜릿,
토마토미트볼,
키위,
민트 초콜릿,
아마씨드,
바질잎,
현미 보리,
뽕잎,
순대,
불닭볶음면,
후추 소금,
우렁 된장,.
김치날치알밥,
녹두,
멸치,
다시팩,
대추,
감자탕,
냉면육수,
도다리,
홍차 우유,
통밀또띠아,
돼지 불고기,
매실,
과당,
오이피클,
버터 빵,
퀴노아 파스타면,
근대,
곤드레 쌀,
다시마 사골,
파슬리,
갈릭 마요네즈,
멸치조개 다시다,.
또띠아 멕시칸 타코 시즈닝,
흑임자 우유,
해삼,
쌈장 참치,
돔베기,
마늘 떡볶이,
오리,
라임,
육개장,
딸기쨈,
짬뽕,
라자냐,
황두장,
함박스테이크,
양고기,
버섯 불고기,
강된장컵밥,
생크림 요거트,
황태,
흰살생선,
스톡,
새우 멸치,.
새싹,
타로 식빵,
생강 파 후추,
엿,
팥,
쭈꾸미,
굴소스,.
오가피,
마늘장아찌,
청겨자,
베리,
느억맘,
치자 단무지,
로투스,
레드벨벳 머핀,
호두 아몬드,
너비아니,
비비빅,
곡물,
커스타드크림,
감자칩,
유자,
밤,
보쌈 육수 소스,
고추 마늘 조개 올리브유,.
커피파우더,
우유,
불고기,
토마토,
수삼,
팔각,
숯불소스,
라즈베리발사믹식초,
팟타이소스,
마카다미아,
멜론,
봄동,
오일,
꼴뚜기,
계란,
밥,
바지락,.
사골 미역 된장국,
젓갈,
마늘 계란,
파스타소스,
조개 멸치 된장,.
샤브소스,
노각,
대추 해바라기씨 콩 밤,
당귀,
통밀빵,
고기만두,
도라지,
버섯 스테이크소스,
초코볼,
견과유,
커피 빵,
열무,
바질 토마토,
곰취장아찌,
팥 빵,
깻잎 장아찌,
갈비 양념장,
관자,.
냉이,
계피,
버터 장조림 김 쌀,
블루베리 빵,
채소 참치,
와사비 마요네즈 과자,
잡채,
녹말,
단촛물,
치즈케익,
코코넛 젤리,
골뱅이,
미나리 멸치 고추,
부추,
생강,
조개 고추장,.
연두,
고추 연어,
무짱아찌,
버섯스프,
피시소스,
항기,
감자면,
다이제 초콜릿,
버터 기름,
돈까스 소스,
블루베리 아이스크림,
요구르트 젤리,
율무,
쿠키,
통밀쿠키,
동치미,
젤라틴,
카레가루,
불고기 양념,
솔잎,
굴,.
계란과자,
올리브,
감자,
부대찌개면,
견과류 멸치,
고추장,
김,
랜치소스,
나가사끼짬뽕라면,
된장 무장아찌,
열무김치,
적채 양배추,
전복 가자미 미역국,.
칠리소스,
새우,.
카레,
고추파래,
콩기름,
버섯 고기,
김치만두,
광어,
차돌우렁강된장,.
치아씨드,
닭고기,
소고기,
햄프씨드,
파인애플식초,
계피 생강 정향,
신 김치,
두릅 장아찌,
통밀,
틸,
허브 식초,
호밀,
낙지볶음밥,
가라아게파우더,
공심채,
토마토 고기,
밤 팥,
마라소스,
어묵잡채,
알탕,
새우 오징어 만두,.
오이,
아몬드,
브라질너트,
약재 대추,
홍삼,
아마씨,
비트,
샤워크림,
오렌지젤리,
고기,
머핀,
톳 버섯 쌀,
무,
쌀,
매운갈비양념,
갓,
치폴레소스,
토피넛,
해시브라운,
깻잎,
카야,
교자,
고기반죽,
당근,
녹차쿠키,
레몬 식초,
초코칩,
까르보떡볶이,
돌나물,
낫토,
굴진짬뽕,.
낙지젓갈,
해산물,.
새우 계란 쌀,.
산야초,
설렁탕,
수제비,
약재,
적채,
소금,
수수,
소고기갈비찜,
양파 빵,
토마토 바질,
찜갈비,
슈가 파우더,
마파두부소스,
정향,
침기름,
흑임자,
햄,
사과,
쵸코칩,
칠리피클소스,
샴페인,
치킨스톡,
라면 스프,.
삼치,
치자,
멸치칼국수,
마쉬멜로우,
참치,
로즈마리,
조개 다시다,.
식혜,
산양삼,
구기자,
제육,
노추,
옥수수,
냉면,
갈비탕,
깨,
짬뽕라면,
수삼갈비탕,
데리야끼소스,
소불고기,
민들레,
치킨마요덮밥,
설탕 빵,
돼지감자장아찌,
채소 카레,
레몬 딜 버터,
죽순,
참외,
다대기,
소고기 양파,
백김치,
멸치 새우 다시마,.
육수,
무 계란,
피클 계란,
소금 고추 장아찌,
스위트어니언소스,
다시 팩,
꿀 연유,
한천,
오징어,
피망,
당면,
메밀,
대하,.
감자만두,
빵,
아이스티,
고등어,
포도,
노두유,
소고기 미역국,
돈가스소스,
라구소스,
타르트르소스,
사탕수수,
참치 마요네즈 김 밥,
곤드레,
해바라기씨,
고추장불고기,
고추장아찌,
딜,
밀 간장,
초코칩쿠키,
간장 마늘,
찜닭양념,
호떡,
크레페,
엔쵸비,
그레놀라,
우동소스,
주꾸미 볶음면,
콩나물 장아찌,
바나나컵케익,
자몽,
폭찹스테이크,
타임,
마늘 소금,
콜리플라워,
포두씨유,
홍메기,
선인장,
나초,
배추피클,
견과류 과일,
트러플오일,
사천백짬뽕,
잡곡,
카레밀키트,
크랜베리,
올리브유 마요네즈,
참치 간장,
계피 설탕,
허니머스터드,
양파짱아찌,
치즈돈까스,
고구마라테,
코코넛,
해초,
요거트,
딸기 요거트,
카라멜,
까르보 불닭면,
생선,
오란다,
로제소스,
호박,
연잎,
요거트 마요네즈,
귤,
버섯 양념장 쑥갓,
흑식초,
컬리플라워,
고추기름,
바나나,
밤 꿀,
낙지비빔밥,
쑥 바질 깻잎,
가자미,
전란,
소고기불고기,
카라멜 버터,
꿀호떡,
커피 술,
식용유 두부,
식초,
쌈장 청국장,
콘슬로우,
헤이즐넛 생크림,
시즈닝 소고기,
비트 양파 오이,
유부초밥,
생선알,
부대찌개양념,
다시마 표고,
청국장,
술 올리고당,
마이구미,
갓김치,
원두,
오메기떡,
콘스프,
라볶이,
천연조미료,.
콩나물 장조림,
기름,
모과,
떡,
솜사탕,
키위 쿠키,
다시마 간장,
장칼국수,
마늘 버터,
매콤한소스,
선인장 꿀,
효모,
새우 튀김,.
복분자,
홍합미역국밥,.
다시마 쌀,
감귤,
마늘 간장,
양파장아찌,
소금 후추,
우동면,
장,
채소,
고추 멸치,
미원,
참비름 나물,
파인애플,
문어,
치즈쿠키,
아욱,
통밀면,
냉국,
과일,
막걸리,
나또,
발효종,
넛맥,
아가베,
멸치 쌈장,
인절미,
현미,
배 제육,
스피루리나,
파 굴소스,.
식용유 브로콜리,
xo소스,.
버터 계란,
오징어튀김,
탕수소스,
피칸 캐슈넛,
돈까스,
피클주스,
오징어초무침,
피칸,
복분자 식초,
주꾸미,
대추 토마토,
간장,
블루베리,
곤약,
고추장 스파게티소스,
깔루아,
마늘 머스타드 레몬 마요네즈 치즈 후추 올리브오일,
피자소스,
현미유,
호두 바닐라,
삼각김밥,
옥수수호떡,
전복,.
조개 쌈장,.
가다랑어,
청경재,
피자,
감자 수제비,
장어,
홀스래디쉬소스,
사골,
라즈베리,
주먹밥,
고추 치즈,
치즈 딸기 빵,
맛술,
호두 팥 빵,
무 쌀,
콩나물국 황태,
소주,
고추 장아찌,
맛살 치즈,.
바질,
해물로제 스파게티소스,
칠면조,
커피 초코,
토마토망고크림 연어,
오징어짬뽕 라면,
고추 포도씨오일,
토하젓,
갈릭 허브솔트,
고사리,
미더덕,
컵누들 짜장맛,
헛개나무,
쇠고기우렁강된장,.
전분,
이탈리안시즈닝,
바베큐 소스,
고추 마늘,
캐슈넛,
탄탄면소스,
홍새우,.
들깨,
유당(타가토스),
파프리카,
꿀,
녹차 생크림식빵,
찻잎,
멸치 다시다,
호두,
참치 마요네즈,
돼지고기 계란,
배,
양념치킨,
커피 우유,
미숫가루,
명이나물,
전,
수정과,
데리야끼,
닭강정,
치즈라면,
치즈 떡,
우거지,
스리라차소스,
밀크 캐러멜,
우엉,
사과 계피,
케슈넛,
허브솔트,
성게,.
토란,
피스타치오,
채소 토마토,
동그랑땡,
맛살전,.
통닭,
꼼장어,
초코,
고추 겨자,
닭갈비 양념장,
짜장,
과일 채소,
근대 감자 된장국,
제티 딸기,
새우 간장,.
파인애플 망고,
고구마,
굴 소스,.
콩나물,
멸치 칼국수,
번데기,
파인애플 쌀 계란 양파 새우 버섯 파프리카 식용유,.
톳장아찌,
고기산적,
상추,
월계수,
참기름 떡,
우엉 소고기,
잼,
꼬시래기,
다이제,
청경채,
엔초비,
핫도그,
쥐포,
새싹잎,
식용유,
간장 우엉,
조미후레이크,
후추,
타피오카,
게살볶음밥,.
다시다,
떡갈비,
불고기 비빔밥,
청포묵,
해선장소스,.
쫄면,
파래,
호두 쌀,
감,
꽃,
체리,
해바라기유,
돔배기,
슈크림,
콜라,
북어 두부 미역국,
cleaned_ingredients_with_original.csv,
버터 바질,
매실소스,
녹두 계피,
우럭,
달고나 커피,
이탈리안,
돼지불고기,
갓장아찌,
참나물,
고니,
오리고기,
어묵 햄,
마,
된장찌개,
흑미,
망고,
탄산음료,
도가니탕,
마시멜로우,
마늘 장아찌,
피넛 초코칩,
연유,
오징어채,
새싹 보리,
홍시,
유부소스,
까르보나라스파게티소스,
창란젓,
가시오가피,
크림,
치즈소세지,
낫또,
고추참치,
보말,
곤이,
밀 새우 계란,.
폰즈소스,
돈나물,
삼계탕,
시럽,
과일잼,
김말이,
까르보 불닭 라볶이,
과자,
파김치,
돼지갈비양념,
쇼트닝,
머우대,
냉채소스,
해물 채소,.
복숭아,
치즈과자,
갈비소스,
소고기 불고기,
헤이즐넛,
우스터스스,
메이플 시럽,
밴댕이,
장아찌간장,
후리가케,
초코쿠키,
LA갈비,
초코과자,
마카롱,
오레가노,
타바스코소스,
멸치 무 다시마,
발사믹,
대리야끼 소스,
삼백초,
새우볶음밥,.
탕수육,
아스파라거스,
쌀 다시마,
아일랜드,
겨차 후추,
닭 가슴살 만두,
콜라비,
게라면,.
와인,
산초,
소고기장조림,
깍두기,
바닐라,
매생이,
랠리쉬,
적치커리,
무장아찌,
오렌지,
잎,
포도시유,
콩 쌀,
올리브치아바타,
해물 라면,.
방풍,
아보카도,
가재,.
화유,
감자수제비,
간장 피클,
다시마 멸치,
삼,
시리얼,
우슬,
비빔장,
치킨까스,
명이나물장아찌,
방아,
미림,
미역,
돈가스,
히비스커스,
패션후르츠,
골벵이,.
쇠고기다시다,
햄/지 부대찌개,
방풍나물 장아찌,
단백질파우더,
치커리,
혼다시,
크림스프,
양상추,
양배추,
나초칩 올리브오일,
커리플라워,
다시마,
케일 김치,
새우 만두,.
오이소박이,
해바라기씨 버터,
참기름,
밀,
호두 크랜베리,
오삼불고기양념,
루꼴라,
부추 파,
깔리바우트,
한치,
김치,
오이샐러드,
돼지갈비찜,
커리,
돼지고기만두,
뿌리채소,
겨자,
마늘,
핫소스,
식용유 쌀,
버터,
소고기 동그랑땡,
카야 치즈,
갈비,
고기 육수,
라유,
경단,
셀러리,
클로버,
달래장아찌,
쑥 밀,
깔라만시,
목살스테이크,
카레 라면,
고추 피클,
어묵 간장,
마요네즈 레몬즙 오이 양파,
또띠아,
오트밀,
궁채 장아찌,
날치알,
술,
땅콩,
낙지,
소갈비양념,
나팔꽃,
타르타르소스,
식용유 계란,
메론,
케일,
비름,
불닭 소스,
고추 만두,
갈비양념,
고추 오이피클,
두반장,
은행,
멸치 다시마,
아구,
레몬 간장,
햄 빵,
산딸기,
백년초,
로제 토마토소스,
생강 간장,
쑥갓,
잡곡브레드,
총각김치,
대파,
소고기볶음밥,
큐민,
피클,
초콜릿 커피,
그래놀라,
토마토스파게티,
시래기고등어조림,
고수,
달래,
장아찌,
쑥 떡 콩,
하이라이스,
자몽젤리,
부침,
바지락 밀,.
도라지 오이,
찜닭,
젤리,
녹두전,
홍초,
초코파이,
참깨라면,
가오리,
"굴, 밀가루",.
살구,
퀴노아,
해물,.
현미 식초,
양념치킨소스,
꽁치,
순두부,
궁채,
액젓,
복분자 딸기,
케이준 치킨,
언어,
오미자,
연근,
만두,
토마토파스타,
콩 잡곡,
쇠고기,
떡볶이소스,
크림소스,
마요네즈 올리브유 과일 파프리카 토마토 오이,
먹태,
미나리,
코울슬로,
고추짱아찌,
고추,
햄 김칫국,
돼지고기,
흑미식초,
오디,
아이스크림,
튀김만두,
감초,
크린베리,
딸기 우유,
물엿,
혼당,
어묵,
새싹보리,
샬롯,
명이나물 된장국,
청어,
곰탕,
마을,
숙주,
버섯 채소,
오예스,
요리초,
고추 햄,
라면,
생크림,
미트볼,
치킨베이스,
옥수수 빵,
캡사이신,
해물 유부주머니,.
타코시즈닝,
부추전,
닭갈비,
떡볶이,
단무지,
마가린,
홍차,
피클링스파이스,
호박씨,
칠리콩 통조림,
앙금,
참깨,
브로컬리,
땅콩 호박,
오레오,
조미료,
허브,
강황밥,
까르보나라소스,
미역두부된장국,
수박,
럼,
자두,
스프,
브로콜리,
샐러드소스,
꿀 인삼,
떡갈비소스,
코인육수,.
햄버거 패티,
쌀 참기름,
비지,
인삼,
목살,
송편,
강된장,
소금 간장,
시즈닝,
파 양파,
취나물,
케이퍼 양파,
함초,
스테이크소스,
올리브유,
올리고당,
초콜릿 레몬,
햄버거스테이크,
식용유 또는 버터,
케이퍼,
코다리,
포도젤리,
이금기치킨레몬소스,
스모크브라운소스,
미트볼 스파게티,
쓰리라차소스,
한라봉,
고기왕만두,
씨리얼,
강황,
닭가슴살,
맛살,.
토마토 양파 고수 고추,
오렌지 닭고기,
참외장아찌,
파스타면,
LA양념갈비,
건더기스프,
닭,
마요네즈 잼,
도토리 쫄면,
스파게티,
치킨소스,
파스타 소스,
검정깨,
갈릭 크림소스,
고기육수,
크림우동,
김밥,.
곤약 현미밥,
믹서기,
마 장아찌,
곰국,
딸기 블루베리,
인절미과자,
메로나,
뉴슈가,
요지,
갈릭디핑소스,
사골 라면,
비프소스,
게,.
우스타소스,
호두마루,
유부,
말차,
파,
꿀 버터 아몬드,
분당,
주먹밥토핑,
마요네즈 머스타드소스,
장조림소스,
커스터드크림,
해물동그랑땡,.
볼로네즈소스,
돼지고기불고기,
안심,
스위트칠리소스,
어묵탕,
돼지고기 불고기,
김치볶음밥,
스프링클,
케이준,
고추장소불고기,
갈비 육수,
소고기 고추장,
감자 국수,
아로니아,
석류,
약재 당귀,
피쉬소스,
고추 장아치물,
게장,.
콩나물국,
로제 떡볶이소스,
초콜릿케이크,
연어,
멍게,.
