딸기바나나사과주스,/recipe/list.html?q=딸기바나나사과주스
훈제닭가슴살샌드위치,/recipe/list.html?q=훈제닭가슴살샌드위치
양상추토마토샐러드,/recipe/list.html?q=양상추토마토샐러드
초코프레첼머랭쿠키,/recipe/list.html?q=초코프레첼머랭쿠키
고구마샐러드돈까스,/recipe/list.html?q=고구마샐러드돈까스
닭가슴살소세지깍두기볶음밥,/recipe/list.html?q=닭가슴살소세지깍두기볶음밥
모카크림치즈컵케이크,/recipe/list.html?q=모카크림치즈컵케이크
크로와상샌드위치,/recipe/list.html?q=크로와상샌드위치
name,href
훈제닭가슴살샐러드,/recipe/list.html?q=훈제닭가슴살샐러드
대추방울토마토주스,/recipe/list.html?q=대추방울토마토주스
들깨무청시래기국,/recipe/list.html?q=들깨무청시래기국
김주먹밥,/recipe/list.html?q=김주먹밥
김치녹두전,/recipe/list.html?q=김치녹두전
바나나잼,/recipe/list.html?q=바나나잼
에그치즈베이글샌드위치,/recipe/list.html?q=에그치즈베이글샌드위치
스위트콘핫케이크,/recipe/list.html?q=스위트콘핫케이크
아보카도비트연어샐러드,/recipe/list.html?q=아보카도비트연어샐러드
딸기잼오트밀쿠키바,/recipe/list.html?q=딸기잼오트밀쿠키바
쇼콜라딸기잼쿠키,/recipe/list.html?q=쇼콜라딸기잼쿠키
찹쌀호떡팬케이크,/recipe/list.html?q=찹쌀호떡팬케이크
블루베리잼크럼블쿠키,/recipe/list.html?q=블루베리잼크럼블쿠키
청경채된장무침,/recipe/list.html?q=청경채된장무침
키위레몬에이드,/recipe/list.html?q=키위레몬에이드
단호박오리불고기,/recipe/list.html?q=단호박오리불고기
바나나초콜릿파운드케이크,/recipe/list.html?q=바나나초콜릿파운드케이크
단호박고구마과일샐러드,/recipe/list.html?q=단호박고구마과일샐러드
깍두기청국장찌개,/recipe/list.html?q=깍두기청국장찌개
돼지고기목이버섯볶음밥,/recipe/list.html?q=돼지고기목이버섯볶음밥
냉동목살순두부된장찌개,/recipe/list.html?q=냉동목살순두부된장찌개
한라봉리코타치즈샐러드,/recipe/list.html?q=한라봉리코타치즈샐러드
석류레몬청,/recipe/list.html?q=석류레몬청
요그르트생과일샐러드,/recipe/list.html?q=요그르트생과일샐러드
시나몬사과잼,/recipe/list.html?q=시나몬사과잼
요거트과일샐러드,/recipe/list.html?q=요거트과일샐러드
토마토두부샐러드,/recipe/list.html?q=토마토두부샐러드
청귤청,/recipe/list.html?q=청귤청
갈릭치즈떡꼬치,/recipe/list.html?q=갈릭치즈떡꼬치
키위에이드,/recipe/list.html?q=키위에이드
바나나초코케이크,/recipe/list.html?q=바나나초코케이크
감자마카로니샐러드,/recipe/list.html?q=감자마카로니샐러드
유자청족발냉채,/recipe/list.html?q=유자청족발냉채
매실청고추장불고기,/recipe/list.html?q=매실청고추장불고기
딸기치즈케이크,/recipe/list.html?q=딸기치즈케이크
대패삼겹살덮밥,/recipe/list.html?q=대패삼겹살덮밥
대파크림치즈베이글샌드위치,/recipe/list.html?q=대파크림치즈베이글샌드위치
복숭아레어치즈케이크,/recipe/list.html?q=복숭아레어치즈케이크
참치햄김치찌개,/recipe/list.html?q=참치햄김치찌개
오미자사과잼,/recipe/list.html?q=오미자사과잼
키위레몬청,/recipe/list.html?q=키위레몬청
생강청샐러드,/recipe/list.html?q=생강청샐러드
고등어무청시래기조림,/recipe/list.html?q=고등어무청시래기조림
초콜릿생크림케이크,/recipe/list.html?q=초콜릿생크림케이크
블루베리잼콩포트,/recipe/list.html?q=블루베리잼콩포트
무청시래기된장조림,/recipe/list.html?q=무청시래기된장조림
과일류,"javascript:goSearchRecipe('cat3','48')"
믹스베리레몬에이드,/recipe/list.html?q=믹스베리레몬에이드
브로콜리감자샐러드,/recipe/list.html?q=브로콜리감자샐러드
표고버섯청경채볶음,/recipe/list.html?q=표고버섯청경채볶음
대파냉파스타,/recipe/list.html?q=대파냉파스타
고구마핫케이크,/recipe/list.html?q=고구마핫케이크
샤인머스켓탕후루,/recipe/list.html?q=샤인머스켓탕후루
샐러드,/recipe/list.html?q=샐러드
당근파운드케이크,/recipe/list.html?q=당근파운드케이크
마늘치킨샐러드,/recipe/list.html?q=마늘치킨샐러드
현미팥죽,/recipe/list.html?q=현미팥죽
그릭요거트산딸기케이크,/recipe/list.html?q=그릭요거트산딸기케이크
딸기생크림롤케이크,/recipe/list.html?q=딸기생크림롤케이크
딸기생크림케이크,/recipe/list.html?q=딸기생크림케이크
아이스녹차라떼,/recipe/list.html?q=아이스녹차라떼
계피사과잼,/recipe/list.html?q=계피사과잼
오렌지롤케이크,/recipe/list.html?q=오렌지롤케이크
꿀생강청,/recipe/list.html?q=꿀생강청
냉동딸기스무디,/recipe/list.html?q=냉동딸기스무디
바스크치즈케이크,/recipe/list.html?q=바스크치즈케이크
어묵콥샐러드,/recipe/list.html?q=어묵콥샐러드
카야잼토스트,/recipe/list.html?q=카야잼토스트
바나나아이스크림,/recipe/list.html?q=바나나아이스크림
생강차,/recipe/list.html?q=생강차
요거트팬케이크,/recipe/list.html?q=요거트팬케이크
닭가슴살콥샐러드,/recipe/list.html?q=닭가슴살콥샐러드
생딸기주스,/recipe/list.html?q=생딸기주스
딸기바나나스무디볼,/recipe/list.html?q=딸기바나나스무디볼
우엉치즈김밥,/recipe/list.html?q=우엉치즈김밥
사천짜장떡볶이,/recipe/list.html?q=사천짜장떡볶이
쌀가루핫케이크,/recipe/list.html?q=쌀가루핫케이크
브로콜리계란샌드위치,/recipe/list.html?q=브로콜리계란샌드위치
레몬청마들렌,/recipe/list.html?q=레몬청마들렌
펜네파스타샐러드,/recipe/list.html?q=펜네파스타샐러드
계란식빵핫도그,/recipe/list.html?q=계란식빵핫도그
딸기우유아이스크림,/recipe/list.html?q=딸기우유아이스크림
오렌지레몬청,/recipe/list.html?q=오렌지레몬청
베이컨감자샐러드,/recipe/list.html?q=베이컨감자샐러드
소불고기비빔밥,/recipe/list.html?q=소불고기비빔밥
감자샐러드모닝빵샌드위치,/recipe/list.html?q=감자샐러드모닝빵샌드위치
땅콩버터딸기잼쿠키,/recipe/list.html?q=땅콩버터딸기잼쿠키
키위주스,/recipe/list.html?q=키위주스
배대추차,/recipe/list.html?q=배대추차
토마토스무디,/recipe/list.html?q=토마토스무디
팥녹차머핀,/recipe/list.html?q=팥녹차머핀
불고기치아바타샌드위치,/recipe/list.html?q=불고기치아바타샌드위치
흑임자연두부샐러드,/recipe/list.html?q=흑임자연두부샐러드
초코생크림케이크,/recipe/list.html?q=초코생크림케이크
젤리푸딩,/recipe/list.html?q=젤리푸딩
으깬감자샐러드,/recipe/list.html?q=으깬감자샐러드
새송이버섯떡갈비솥밥,/recipe/list.html?q=새송이버섯떡갈비솥밥
두유버섯리조또,/recipe/list.html?q=두유버섯리조또
배마주스,/recipe/list.html?q=배마주스
모과생강차,/recipe/list.html?q=모과생강차
오미자유자에이드,/recipe/list.html?q=오미자유자에이드
계란샌드위치덮밥,/recipe/list.html?q=계란샌드위치덮밥
딸기아로니아요거트스무디,/recipe/list.html?q=딸기아로니아요거트스무디
버섯치즈베이글샌드위치,/recipe/list.html?q=버섯치즈베이글샌드위치
와플,/recipe/list.html?q=와플
갈릭에그토스트,/recipe/list.html?q=갈릭에그토스트
두부닭가슴살샐러드,/recipe/list.html?q=두부닭가슴살샐러드
오렌지치킨샐러드,/recipe/list.html?q=오렌지치킨샐러드
초코바나나롤케이크,/recipe/list.html?q=초코바나나롤케이크
오이고추양파장아찌,/recipe/list.html?q=오이고추양파장아찌
대추생강차,/recipe/list.html?q=대추생강차
김치제육덮밥,/recipe/list.html?q=김치제육덮밥
해물파스타샐러드,/recipe/list.html?q=해물파스타샐러드
단호박샐러드안심스테이크,/recipe/list.html?q=단호박샐러드안심스테이크
그린키위주스,/recipe/list.html?q=그린키위주스
핫케이크핫도그,/recipe/list.html?q=핫케이크핫도그
베이글치아바타샌드위치,/recipe/list.html?q=베이글치아바타샌드위치
참치마요덮밥,/recipe/list.html?q=참치마요덮밥
브레드,/recipe/list.html?q=브레드
배도라지생강차,/recipe/list.html?q=배도라지생강차
토마토계란볶음밥,/recipe/list.html?q=토마토계란볶음밥
키위생크림롤케이크,/recipe/list.html?q=키위생크림롤케이크
ABC주스,/recipe/list.html?q=ABC주스
감자고구마계란샌드위치,/recipe/list.html?q=감자고구마계란샌드위치
오미자청딸기잼,/recipe/list.html?q=오미자청딸기잼
로투스브라우니치즈케이크,/recipe/list.html?q=로투스브라우니치즈케이크
치즈감자샐러드샌드위치,/recipe/list.html?q=치즈감자샐러드샌드위치
햄감자샐러드,/recipe/list.html?q=햄감자샐러드
무청시래기된장지짐이,/recipe/list.html?q=무청시래기된장지짐이
명란감자샐러드,/recipe/list.html?q=명란감자샐러드
오미자수박화채,/recipe/list.html?q=오미자수박화채
크림치즈야채과일샐러드,/recipe/list.html?q=크림치즈야채과일샐러드
복숭아잼식빵파이,/recipe/list.html?q=복숭아잼식빵파이
가지나물조림,/recipe/list.html?q=가지나물조림
연어시금치크림파스타,/recipe/list.html?q=연어시금치크림파스타
닭가슴살카레우동,/recipe/list.html?q=닭가슴살카레우동
딸기블루베리요거트스무디,/recipe/list.html?q=딸기블루베리요거트스무디
유부차돌박이찜,/recipe/list.html?q=유부차돌박이찜
호두베이글샌드위치,/recipe/list.html?q=호두베이글샌드위치
사과잼케익,/recipe/list.html?q=사과잼케익
미나리청포묵무침,/recipe/list.html?q=미나리청포묵무침
멸치칼국수버섯전골,/recipe/list.html?q=멸치칼국수버섯전골
마카로니콘샐러드,/recipe/list.html?q=마카로니콘샐러드
블루베리크림치즈케이크,/recipe/list.html?q=블루베리크림치즈케이크
커피바스크치즈케이크,/recipe/list.html?q=커피바스크치즈케이크
토마토바질에이드,/recipe/list.html?q=토마토바질에이드
고구마계란샌드위치,/recipe/list.html?q=고구마계란샌드위치
돼지고기김치청국장찌개,/recipe/list.html?q=돼지고기김치청국장찌개
단팥죽,/recipe/list.html?q=단팥죽
키위오픈샌드위치,/recipe/list.html?q=키위오픈샌드위치
사과포도주스조림,/recipe/list.html?q=사과포도주스조림
우엉조림김주먹밥쌈,/recipe/list.html?q=우엉조림김주먹밥쌈
딸기스크램블에그샌드위치,/recipe/list.html?q=딸기스크램블에그샌드위치
감자에그샌드위치,/recipe/list.html?q=감자에그샌드위치
유자청연어샐러드,/recipe/list.html?q=유자청연어샐러드
살구잼,/recipe/list.html?q=살구잼
표고버섯전복굴밥,/recipe/list.html?q=표고버섯전복굴밥
아마씨초코아이스크림,/recipe/list.html?q=아마씨초코아이스크림
요구르트딸기에이드,/recipe/list.html?q=요구르트딸기에이드
차돌박이청국장짜글이,/recipe/list.html?q=차돌박이청국장짜글이
포도잼불고기피자,/recipe/list.html?q=포도잼불고기피자
토마토귤잼,/recipe/list.html?q=토마토귤잼
돼지고기묵은지청국장찌개,/recipe/list.html?q=돼지고기묵은지청국장찌개
양파베이컨오픈샌드위치,/recipe/list.html?q=양파베이컨오픈샌드위치
모닝빵참치샌드위치,/recipe/list.html?q=모닝빵참치샌드위치
소고기청경채볶음,/recipe/list.html?q=소고기청경채볶음
묵은지청국장,/recipe/list.html?q=묵은지청국장
토마토카레닭볶음탕,/recipe/list.html?q=토마토카레닭볶음탕
차돌박이청국장찌개,/recipe/list.html?q=차돌박이청국장찌개
오렌지초코케이크,/recipe/list.html?q=오렌지초코케이크
메이플고구마파운드케이크,/recipe/list.html?q=메이플고구마파운드케이크
감자에그마요샌드위치,/recipe/list.html?q=감자에그마요샌드위치
브로콜리딸기주스,/recipe/list.html?q=브로콜리딸기주스
딸기수플레팬케이크,/recipe/list.html?q=딸기수플레팬케이크
계란양배추샌드위치,/recipe/list.html?q=계란양배추샌드위치
누룽지시래기갈비탕,/recipe/list.html?q=누룽지시래기갈비탕
닭가슴살샐러드,/recipe/list.html?q=닭가슴살샐러드
퀴노아연어샐러드,/recipe/list.html?q=퀴노아연어샐러드
개구리모닝빵감자샌드위치,/recipe/list.html?q=개구리모닝빵감자샌드위치
무청시래기된장찌개,/recipe/list.html?q=무청시래기된장찌개
베리크림치즈케이크,/recipe/list.html?q=베리크림치즈케이크
요구르트아이스크림,/recipe/list.html?q=요구르트아이스크림
바나나핫케이크,/recipe/list.html?q=바나나핫케이크
돈까스카레라이스,/recipe/list.html?q=돈까스카레라이스
토마토주스,/recipe/list.html?q=토마토주스
무청시래기지짐,/recipe/list.html?q=무청시래기지짐
크림치즈파운드케이크,/recipe/list.html?q=크림치즈파운드케이크
양배추사과당근주스,/recipe/list.html?q=양배추사과당근주스
도라지생강청,/recipe/list.html?q=도라지생강청
냉토마토샐러드,/recipe/list.html?q=냉토마토샐러드
토마토탕후루,/recipe/list.html?q=토마토탕후루
다이제에그타르트,/recipe/list.html?q=다이제에그타르트
복숭아오픈샌드위치,/recipe/list.html?q=복숭아오픈샌드위치
김치참치샌드위치,/recipe/list.html?q=김치참치샌드위치
꿀호떡계란샌드위치,/recipe/list.html?q=꿀호떡계란샌드위치
망고레어치즈케이크,/recipe/list.html?q=망고레어치즈케이크
수박화채,/recipe/list.html?q=수박화채
김치청국장찌개,/recipe/list.html?q=김치청국장찌개
간장치킨떡볶이,/recipe/list.html?q=간장치킨떡볶이
블루베리오트밀팬케이크,/recipe/list.html?q=블루베리오트밀팬케이크
바게트참치샌드위치,/recipe/list.html?q=바게트참치샌드위치
녹차아이스크림,/recipe/list.html?q=녹차아이스크림
무화과잼,/recipe/list.html?q=무화과잼
그릭요거트과일샐러드,/recipe/list.html?q=그릭요거트과일샐러드
새우아보카도샌드위치,/recipe/list.html?q=새우아보카도샌드위치
가지토마토샐러드,/recipe/list.html?q=가지토마토샐러드
에그감자샐러드샌드위치,/recipe/list.html?q=에그감자샐러드샌드위치
