name,href
파인애플당근케이크,/recipe/list.html?q=파인애플당근케이크
잉글리쉬머핀,/recipe/list.html?q=잉글리쉬머핀
고추토마토스파게티,/recipe/list.html?q=고추토마토스파게티
고추장수제비,/recipe/list.html?q=고추장수제비
몬테크리스토시리얼토스트,/recipe/list.html?q=몬테크리스토시리얼토스트
블루베리초코브라우니,/recipe/list.html?q=블루베리초코브라우니
딸기롤케이크,/recipe/list.html?q=딸기롤케이크
미트소스스파게티,/recipe/list.html?q=미트소스스파게티
스팸핫케이크,/recipe/list.html?q=스팸핫케이크
아마씨밤식빵,/recipe/list.html?q=아마씨밤식빵
또띠야고구마피자,/recipe/list.html?q=또띠야고구마피자
호두크림치즈호떡,/recipe/list.html?q=호두크림치즈호떡
오이감자샌드위치,/recipe/list.html?q=오이감자샌드위치
크림치즈식빵햄카나페,/recipe/list.html?q=크림치즈식빵햄카나페
사과궁중떡볶이,/recipe/list.html?q=사과궁중떡볶이
모닝계란빵,/recipe/list.html?q=모닝계란빵
가래떡피자,/recipe/list.html?q=가래떡피자
냉이오일파스타,/recipe/list.html?q=냉이오일파스타
가래떡떡볶이,/recipe/list.html?q=가래떡떡볶이
감자샌드위치,/recipe/list.html?q=감자샌드위치
빠네크림스파게티,/recipe/list.html?q=빠네크림스파게티
옥수수콘치즈모닝빵,/recipe/list.html?q=옥수수콘치즈모닝빵
누룽지밥피자,/recipe/list.html?q=누룽지밥피자
목살토마토스파게티,/recipe/list.html?q=목살토마토스파게티
소세지피자빵,/recipe/list.html?q=소세지피자빵
마늘빵치즈샌드,/recipe/list.html?q=마늘빵치즈샌드
통밀크랜베리스콘,/recipe/list.html?q=통밀크랜베리스콘
야채사라다빵,/recipe/list.html?q=야채사라다빵
버섯간장떡볶이,/recipe/list.html?q=버섯간장떡볶이
단호박모닝빵,/recipe/list.html?q=단호박모닝빵
스파게티면튀김,/recipe/list.html?q=스파게티면튀김
콩바스크치즈케이크,/recipe/list.html?q=콩바스크치즈케이크
오레오오트밀초코칩쿠키,/recipe/list.html?q=오레오오트밀초코칩쿠키
소보로모카머핀,/recipe/list.html?q=소보로모카머핀
말차초코쿠키,/recipe/list.html?q=말차초코쿠키
치즈스크램블에그샌드위치,/recipe/list.html?q=치즈스크램블에그샌드위치
고구마애플에그샌드위치,/recipe/list.html?q=고구마애플에그샌드위치
소보로사과머핀,/recipe/list.html?q=소보로사과머핀
고추장스파게티,/recipe/list.html?q=고추장스파게티
핫도그빵,/recipe/list.html?q=핫도그빵
오레오치즈케이크,/recipe/list.html?q=오레오치즈케이크
버섯고추장수제비,/recipe/list.html?q=버섯고추장수제비
베이글마약토스트,/recipe/list.html?q=베이글마약토스트
앙버터쿠키,/recipe/list.html?q=앙버터쿠키
미역바지락오일파스타,/recipe/list.html?q=미역바지락오일파스타
마늘기름떡볶이,/recipe/list.html?q=마늘기름떡볶이
크로와상샌드위치,/recipe/list.html?q=크로와상샌드위치
훈제연어냉파스타샐러드,/recipe/list.html?q=훈제연어냉파스타샐러드
달걀사라다빵,/recipe/list.html?q=달걀사라다빵
바질페스토파스타,/recipe/list.html?q=바질페스토파스타
시금치치즈스콘,/recipe/list.html?q=시금치치즈스콘
또띠아계란토스트,/recipe/list.html?q=또띠아계란토스트
양배추김치수제비,/recipe/list.html?q=양배추김치수제비
무청나물밥피자,/recipe/list.html?q=무청나물밥피자
달래된장수제비,/recipe/list.html?q=달래된장수제비
계란샌드위치닭가슴살브리또,/recipe/list.html?q=계란샌드위치닭가슴살브리또
아보카도달걀샌드위치,/recipe/list.html?q=아보카도달걀샌드위치
바질페스토새우스파게티,/recipe/list.html?q=바질페스토새우스파게티
모짜렐라토마토스파게티,/recipe/list.html?q=모짜렐라토마토스파게티
크리스피밤식빵,/recipe/list.html?q=크리스피밤식빵
초코칩아몬드쿠키,/recipe/list.html?q=초코칩아몬드쿠키
말차쌀카스테라,/recipe/list.html?q=말차쌀카스테라
빠네크림봉골레파스타,/recipe/list.html?q=빠네크림봉골레파스타
초콜릿칩오트밀쿠키,/recipe/list.html?q=초콜릿칩오트밀쿠키
버섯들깨칼국수,/recipe/list.html?q=버섯들깨칼국수
오렌지초코케이크,/recipe/list.html?q=오렌지초코케이크
토마토카레떡볶이,/recipe/list.html?q=토마토카레떡볶이
해물치즈떡볶이,/recipe/list.html?q=해물치즈떡볶이
마늘빵,/recipe/list.html?q=마늘빵
오이참치오픈토스트,/recipe/list.html?q=오이참치오픈토스트
차돌박이김치비빔국수,/recipe/list.html?q=차돌박이김치비빔국수
감자모닝빵샌드위치,/recipe/list.html?q=감자모닝빵샌드위치
게살로제파스타,/recipe/list.html?q=게살로제파스타
곶감호두스콘,/recipe/list.html?q=곶감호두스콘
바질냉파스타,/recipe/list.html?q=바질냉파스타
무화과고르곤졸라피자,/recipe/list.html?q=무화과고르곤졸라피자
매생이잔치국수,/recipe/list.html?q=매생이잔치국수
시금치감자피자,/recipe/list.html?q=시금치감자피자
수플레치즈케이크,/recipe/list.html?q=수플레치즈케이크
초코브라우니케이크,/recipe/list.html?q=초코브라우니케이크
초코버터링쿠키,/recipe/list.html?q=초코버터링쿠키
토마토푸실리냉파스타,/recipe/list.html?q=토마토푸실리냉파스타
아보카도명란파스타,/recipe/list.html?q=아보카도명란파스타
닭고기열무비빔국수,/recipe/list.html?q=닭고기열무비빔국수
국물치즈떡볶이,/recipe/list.html?q=국물치즈떡볶이
요거트고구마머핀,/recipe/list.html?q=요거트고구마머핀
모카초코칩스콘,/recipe/list.html?q=모카초코칩스콘
미트볼로제파스타,/recipe/list.html?q=미트볼로제파스타
시금치오픈토스트,/recipe/list.html?q=시금치오픈토스트
투움바파스타,/recipe/list.html?q=투움바파스타
쉬림프브레드푸딩,/recipe/list.html?q=쉬림프브레드푸딩
딸기초코케이크,/recipe/list.html?q=딸기초코케이크
감자채피자,/recipe/list.html?q=감자채피자
오리비빔칼국수,/recipe/list.html?q=오리비빔칼국수
된장버섯감자수제비,/recipe/list.html?q=된장버섯감자수제비
단호박팬케이크,/recipe/list.html?q=단호박팬케이크
크랜베리쇼트브레드,/recipe/list.html?q=크랜베리쇼트브레드
표고버섯궁중떡볶이,/recipe/list.html?q=표고버섯궁중떡볶이
불고기고구마피자,/recipe/list.html?q=불고기고구마피자
짜장카레떡볶이,/recipe/list.html?q=짜장카레떡볶이
베이글치아바타샌드위치,/recipe/list.html?q=베이글치아바타샌드위치
쉬림프크림치즈또띠아피자,/recipe/list.html?q=쉬림프크림치즈또띠아피자
가나슈버터링쿠키,/recipe/list.html?q=가나슈버터링쿠키
연어미니핫도그,/recipe/list.html?q=연어미니핫도그
감자계란피자,/recipe/list.html?q=감자계란피자
오이지비빔국수,/recipe/list.html?q=오이지비빔국수
딸기참치샌드위치,/recipe/list.html?q=딸기참치샌드위치
파프리카피자토스트,/recipe/list.html?q=파프리카피자토스트
깻잎간장비빔국수,/recipe/list.html?q=깻잎간장비빔국수
미니참치샌드위치,/recipe/list.html?q=미니참치샌드위치
해산물토마토스파게티,/recipe/list.html?q=해산물토마토스파게티
연유마늘빵,/recipe/list.html?q=연유마늘빵
두부면파스타샐러드,/recipe/list.html?q=두부면파스타샐러드
해물떡볶이그라탕,/recipe/list.html?q=해물떡볶이그라탕
베이컨계란토스트,/recipe/list.html?q=베이컨계란토스트
귤식빵피자,/recipe/list.html?q=귤식빵피자
명란파스타,/recipe/list.html?q=명란파스타
간장스파게티,/recipe/list.html?q=간장스파게티
김치미트소스스파게티,/recipe/list.html?q=김치미트소스스파게티
누텔라바나나토스트,/recipe/list.html?q=누텔라바나나토스트
레인보우머랭쿠키,/recipe/list.html?q=레인보우머랭쿠키
초코머핀,/recipe/list.html?q=초코머핀
블루베리크림치즈케이크,/recipe/list.html?q=블루베리크림치즈케이크
몬테크리스토베이글샌드위치,/recipe/list.html?q=몬테크리스토베이글샌드위치
소보로트위스트단팥빵,/recipe/list.html?q=소보로트위스트단팥빵
녹차팥롤케이크,/recipe/list.html?q=녹차팥롤케이크
꿀단호박빵,/recipe/list.html?q=꿀단호박빵
초콜릿롤케이크,/recipe/list.html?q=초콜릿롤케이크
콘치즈식빵컵케이크,/recipe/list.html?q=콘치즈식빵컵케이크
프렌치에그토스트,/recipe/list.html?q=프렌치에그토스트
까망베르치즈파운드케이크,/recipe/list.html?q=까망베르치즈파운드케이크
냉파스타,/recipe/list.html?q=냉파스타
새우군만두피자,/recipe/list.html?q=새우군만두피자
햄치즈브레드푸딩,/recipe/list.html?q=햄치즈브레드푸딩
초코식빵튀김,/recipe/list.html?q=초코식빵튀김
모카초코머핀,/recipe/list.html?q=모카초코머핀
녹차마들렌,/recipe/list.html?q=녹차마들렌
견과류꿀호떡,/recipe/list.html?q=견과류꿀호떡
버터밀크콘브레드,/recipe/list.html?q=버터밀크콘브레드
블루베리치즈스콘,/recipe/list.html?q=블루베리치즈스콘
푸실리오일파스타,/recipe/list.html?q=푸실리오일파스타
식빵피자빵,/recipe/list.html?q=식빵피자빵
빠네로제떡볶이,/recipe/list.html?q=빠네로제떡볶이
씨앗치즈호떡,/recipe/list.html?q=씨앗치즈호떡
블루베리오트밀팬케이크,/recipe/list.html?q=블루베리오트밀팬케이크
토마토스파게티라면,/recipe/list.html?q=토마토스파게티라면
꽃게로제파스타,/recipe/list.html?q=꽃게로제파스타
바지락봉골레파스타,/recipe/list.html?q=바지락봉골레파스타
고르곤졸라피자,/recipe/list.html?q=고르곤졸라피자
생크림쌀마들렌,/recipe/list.html?q=생크림쌀마들렌
닭고기간장떡볶이,/recipe/list.html?q=닭고기간장떡볶이
콘치즈떡볶이,/recipe/list.html?q=콘치즈떡볶이
녹차오레오머랭쿠키,/recipe/list.html?q=녹차오레오머랭쿠키
버섯된장크림파스타,/recipe/list.html?q=버섯된장크림파스타
바스크치즈케이크,/recipe/list.html?q=바스크치즈케이크
연어푸실리파스타,/recipe/list.html?q=연어푸실리파스타
떡국떡기름떡볶이,/recipe/list.html?q=떡국떡기름떡볶이
닭가슴살두부면샐러드파스타,/recipe/list.html?q=닭가슴살두부면샐러드파스타
시금치닭칼국수,/recipe/list.html?q=시금치닭칼국수
핫케익와플,/recipe/list.html?q=핫케익와플
시금치또띠아피자,/recipe/list.html?q=시금치또띠아피자
참치토마토스파게티,/recipe/list.html?q=참치토마토스파게티
팬케이크핫도그,/recipe/list.html?q=팬케이크핫도그
아몬드크림밤식빵,/recipe/list.html?q=아몬드크림밤식빵
두유초코칩머핀,/recipe/list.html?q=두유초코칩머핀
인절미스노우볼쿠키,/recipe/list.html?q=인절미스노우볼쿠키
닭가슴살또띠아피자,/recipe/list.html?q=닭가슴살또띠아피자
달걀양배추토스트,/recipe/list.html?q=달걀양배추토스트
당근머핀,/recipe/list.html?q=당근머핀
포테이토식빵피자,/recipe/list.html?q=포테이토식빵피자
삼겹살고추장스파게티,/recipe/list.html?q=삼겹살고추장스파게티
초콜릿모카머핀,/recipe/list.html?q=초콜릿모카머핀
그릭파스타샐러드,/recipe/list.html?q=그릭파스타샐러드
치아바타불고기샌드위치,/recipe/list.html?q=치아바타불고기샌드위치
소시지기름떡볶이,/recipe/list.html?q=소시지기름떡볶이
열무김치잔치국수,/recipe/list.html?q=열무김치잔치국수
통밀모카머핀,/recipe/list.html?q=통밀모카머핀
멍게열무비빔국수,/recipe/list.html?q=멍게열무비빔국수
허니마들렌,/recipe/list.html?q=허니마들렌
미니식빵피자,/recipe/list.html?q=미니식빵피자
사과고르곤졸라피자,/recipe/list.html?q=사과고르곤졸라피자
애플핫케이크,/recipe/list.html?q=애플핫케이크
쇼트브레드,/recipe/list.html?q=쇼트브레드
딸기크림치즈케이크,/recipe/list.html?q=딸기크림치즈케이크
뚝배기치즈떡볶이,/recipe/list.html?q=뚝배기치즈떡볶이
빠네크림파스타,/recipe/list.html?q=빠네크림파스타
인삼사라다빵,/recipe/list.html?q=인삼사라다빵
오렌지롤케이크,/recipe/list.html?q=오렌지롤케이크
오징어펜네파스타,/recipe/list.html?q=오징어펜네파스타
캬라멜식빵팝콘,/recipe/list.html?q=캬라멜식빵팝콘
냉이장칼국수,/recipe/list.html?q=냉이장칼국수
단호박에그모닝빵샌드위치,/recipe/list.html?q=단호박에그모닝빵샌드위치
땅콩버터초코칩쿠키,/recipe/list.html?q=땅콩버터초코칩쿠키
복숭아오픈샌드위치,/recipe/list.html?q=복숭아오픈샌드위치
꿀카스테라,/recipe/list.html?q=꿀카스테라
스테이크샐러드파스타,/recipe/list.html?q=스테이크샐러드파스타
해물단호박수제비,/recipe/list.html?q=해물단호박수제비
핫도그사라다빵,/recipe/list.html?q=핫도그사라다빵
초코스콘,/recipe/list.html?q=초코스콘
굴크림스파게티,/recipe/list.html?q=굴크림스파게티
앙금와플,/recipe/list.html?q=앙금와플
새우크림떡볶이,/recipe/list.html?q=새우크림떡볶이
닭가슴살간장떡볶이,/recipe/list.html?q=닭가슴살간장떡볶이
해물된장칼국수,/recipe/list.html?q=해물된장칼국수
묵은지비빔국수,/recipe/list.html?q=묵은지비빔국수
블루베리머핀케이크,/recipe/list.html?q=블루베리머핀케이크
비엔나소세지토마토파스타,/recipe/list.html?q=비엔나소세지토마토파스타
초콜릿크림치즈컵케이크,/recipe/list.html?q=초콜릿크림치즈컵케이크
연어치아바타샌드위치,/recipe/list.html?q=연어치아바타샌드위치
묵은지냉파스타,/recipe/list.html?q=묵은지냉파스타
호밀불고기샌드위치,/recipe/list.html?q=호밀불고기샌드위치
초코마블버터쿠키,/recipe/list.html?q=초코마블버터쿠키
홍어비빔수제비,/recipe/list.html?q=홍어비빔수제비
볶음칼국수,/recipe/list.html?q=볶음칼국수
치즈국물떡볶이,/recipe/list.html?q=치즈국물떡볶이
미니소세지빵,/recipe/list.html?q=미니소세지빵
스파이시투움바파스타,/recipe/list.html?q=스파이시투움바파스타
만두피치즈핫도그,/recipe/list.html?q=만두피치즈핫도그
콩나물김치비빔국수,/recipe/list.html?q=콩나물김치비빔국수
브레드샌드위치,/recipe/list.html?q=브레드샌드위치
참깨통밀스콘,/recipe/list.html?q=참깨통밀스콘
캐러멜바나나파운드케이크,/recipe/list.html?q=캐러멜바나나파운드케이크
초코와플,/recipe/list.html?q=초코와플
녹차롤케이크,/recipe/list.html?q=녹차롤케이크
새우계란오픈샌드위치,/recipe/list.html?q=새우계란오픈샌드위치
계란빵,/recipe/list.html?q=계란빵
오뎅잔치국수,/recipe/list.html?q=오뎅잔치국수
오징어볶음칼국수,/recipe/list.html?q=오징어볶음칼국수
계란치즈핫도그,/recipe/list.html?q=계란치즈핫도그
한입감자피자,/recipe/list.html?q=한입감자피자
소고기버섯크림스파게티,/recipe/list.html?q=소고기버섯크림스파게티
콘샐러드모닝빵샌드위치,/recipe/list.html?q=콘샐러드모닝빵샌드위치
고구마공갈빵,/recipe/list.html?q=고구마공갈빵
크림치즈크랜베리스콘,/recipe/list.html?q=크림치즈크랜베리스콘
골뱅이비빔국수,/recipe/list.html?q=골뱅이비빔국수
크림치즈녹차머핀,/recipe/list.html?q=크림치즈녹차머핀
양파피자빵,/recipe/list.html?q=양파피자빵
황태새우스파게티,/recipe/list.html?q=황태새우스파게티
얼그레이파운드케이크,/recipe/list.html?q=얼그레이파운드케이크
건과일초코머핀,/recipe/list.html?q=건과일초코머핀
감자샐러드모닝빵,/recipe/list.html?q=감자샐러드모닝빵
떡갈비식빵피자,/recipe/list.html?q=떡갈비식빵피자
연어양배추샌드위치,/recipe/list.html?q=연어양배추샌드위치
모카아몬드초코칩쿠키,/recipe/list.html?q=모카아몬드초코칩쿠키
전자렌지또띠아피자,/recipe/list.html?q=전자렌지또띠아피자
고구마치즈호떡,/recipe/list.html?q=고구마치즈호떡
로제떡볶이,/recipe/list.html?q=로제떡볶이
토마토오일파스타,/recipe/list.html?q=토마토오일파스타
크림치즈마들렌,/recipe/list.html?q=크림치즈마들렌
딸기마들렌,/recipe/list.html?q=딸기마들렌
시나몬크런치고구마머핀,/recipe/list.html?q=시나몬크런치고구마머핀
체다치즈케이크,/recipe/list.html?q=체다치즈케이크
잉글리쉬머핀떡갈비샌드위치,/recipe/list.html?q=잉글리쉬머핀떡갈비샌드위치
녹차크림치즈머핀,/recipe/list.html?q=녹차크림치즈머핀
오트밀통밀쿠키,/recipe/list.html?q=오트밀통밀쿠키
떠먹는모닝빵감자피자,/recipe/list.html?q=떠먹는모닝빵감자피자
파스타샐러드,/recipe/list.html?q=파스타샐러드
크림치즈호떡,/recipe/list.html?q=크림치즈호떡
땅콩버터쿠키,/recipe/list.html?q=땅콩버터쿠키
라면치즈핫도그,/recipe/list.html?q=라면치즈핫도그
달걀치즈토스트,/recipe/list.html?q=달걀치즈토스트
고구마식빵튀김,/recipe/list.html?q=고구마식빵튀김
연어고구마피자,/recipe/list.html?q=연어고구마피자
마늘빵토스트,/recipe/list.html?q=마늘빵토스트
바나나팬케이크,/recipe/list.html?q=바나나팬케이크
쇼콜라오트밀쿠키,/recipe/list.html?q=쇼콜라오트밀쿠키
바게트프렌치토스트,/recipe/list.html?q=바게트프렌치토스트
치즈오븐로제스파게티,/recipe/list.html?q=치즈오븐로제스파게티
연어피자토스트,/recipe/list.html?q=연어피자토스트
티라미수롤케이크,/recipe/list.html?q=티라미수롤케이크
모닝빵불고기샌드위치,/recipe/list.html?q=모닝빵불고기샌드위치
감자에그샌드위치,/recipe/list.html?q=감자에그샌드위치
키조개해물떡볶이,/recipe/list.html?q=키조개해물떡볶이
치즈베이글샌드위치,/recipe/list.html?q=치즈베이글샌드위치
블루베리파운드케이크,/recipe/list.html?q=블루베리파운드케이크
소세지핫도그,/recipe/list.html?q=소세지핫도그
삼겹카레떡볶이,/recipe/list.html?q=삼겹카레떡볶이
브로콜리크림스파게티,/recipe/list.html?q=브로콜리크림스파게티
카레국물떡볶이,/recipe/list.html?q=카레국물떡볶이
카프레제크로와상샌드위치,/recipe/list.html?q=카프레제크로와상샌드위치
브로콜리계란샌드위치,/recipe/list.html?q=브로콜리계란샌드위치
새우바질페스토파스타,/recipe/list.html?q=새우바질페스토파스타
단호박초콜릿케이크,/recipe/list.html?q=단호박초콜릿케이크
얼그레이바스크치즈케이크,/recipe/list.html?q=얼그레이바스크치즈케이크
크림치즈초코칩머핀,/recipe/list.html?q=크림치즈초코칩머핀
에그감자모닝빵샌드위치,/recipe/list.html?q=에그감자모닝빵샌드위치
잔치국수육수,/recipe/list.html?q=잔치국수육수
먹물치아바타샌드위치,/recipe/list.html?q=먹물치아바타샌드위치
새우오일파스타,/recipe/list.html?q=새우오일파스타
통밀감자수제비,/recipe/list.html?q=통밀감자수제비
닭칼국수라면,/recipe/list.html?q=닭칼국수라면
밥통치즈계란빵,/recipe/list.html?q=밥통치즈계란빵
들깨부추수제비,/recipe/list.html?q=들깨부추수제비
두부된장수제비,/recipe/list.html?q=두부된장수제비
모카브라우니,/recipe/list.html?q=모카브라우니
핫케이크,/recipe/list.html?q=핫케이크
감자해물수제비,/recipe/list.html?q=감자해물수제비
육쪽마늘빵,/recipe/list.html?q=육쪽마늘빵
양파햄치즈토스트,/recipe/list.html?q=양파햄치즈토스트
시나몬허니브레드,/recipe/list.html?q=시나몬허니브레드
꿀호떡계란빵,/recipe/list.html?q=꿀호떡계란빵
명란크림파스타,/recipe/list.html?q=명란크림파스타
찹쌀붕어빵,/recipe/list.html?q=찹쌀붕어빵
사과너겟간장떡볶이,/recipe/list.html?q=사과너겟간장떡볶이
바닐라컵케이크,/recipe/list.html?q=바닐라컵케이크
삼겹살오일파스타,/recipe/list.html?q=삼겹살오일파스타
초코브라우니머핀,/recipe/list.html?q=초코브라우니머핀
감자햄치즈샌드위치,/recipe/list.html?q=감자햄치즈샌드위치
계란감자샌드위치,/recipe/list.html?q=계란감자샌드위치
포도식빵피자,/recipe/list.html?q=포도식빵피자
찹쌀미역수제비,/recipe/list.html?q=찹쌀미역수제비
잉글리쉬머핀피자,/recipe/list.html?q=잉글리쉬머핀피자
아몬드호두스콘,/recipe/list.html?q=아몬드호두스콘
흑임자기름떡볶이,/recipe/list.html?q=흑임자기름떡볶이
모카크림치즈쿠키,/recipe/list.html?q=모카크림치즈쿠키
낫토피자토스트,/recipe/list.html?q=낫토피자토스트
커피마들렌,/recipe/list.html?q=커피마들렌
로제국물떡볶이,/recipe/list.html?q=로제국물떡볶이
소보루쌀브라우니,/recipe/list.html?q=소보루쌀브라우니
어묵김치칼국수,/recipe/list.html?q=어묵김치칼국수
다진돼지고기닭가슴살토마토스파게티,/recipe/list.html?q=다진돼지고기닭가슴살토마토스파게티
떡볶이,/recipe/list.html?q=떡볶이
크림치즈떡볶이,/recipe/list.html?q=크림치즈떡볶이
모카파운드케이크,/recipe/list.html?q=모카파운드케이크
치즈어묵떡볶이,/recipe/list.html?q=치즈어묵떡볶이
미역두부된장수제비,/recipe/list.html?q=미역두부된장수제비
곤약비빔국수,/recipe/list.html?q=곤약비빔국수
달래무침간장떡볶이,/recipe/list.html?q=달래무침간장떡볶이
아보카도오픈샌드위치,/recipe/list.html?q=아보카도오픈샌드위치
감자고구마치즈꿀호떡,/recipe/list.html?q=감자고구마치즈꿀호떡
생크림초코칩스콘,/recipe/list.html?q=생크림초코칩스콘
돼지고기간장떡볶이,/recipe/list.html?q=돼지고기간장떡볶이
당근오픈샌드위치,/recipe/list.html?q=당근오픈샌드위치
토마토달걀토스트,/recipe/list.html?q=토마토달걀토스트
호두스노우볼쿠키,/recipe/list.html?q=호두스노우볼쿠키
하몽치아바타샌드위치,/recipe/list.html?q=하몽치아바타샌드위치
콩고물허니브레드,/recipe/list.html?q=콩고물허니브레드
야채궁중떡볶이,/recipe/list.html?q=야채궁중떡볶이
베이컨알리오올리오파스타,/recipe/list.html?q=베이컨알리오올리오파스타
딸기레어치즈케이크,/recipe/list.html?q=딸기레어치즈케이크
군고구마또띠아피자,/recipe/list.html?q=군고구마또띠아피자
딸기케이크,/recipe/list.html?q=딸기케이크
꼬막비빔칼국수,/recipe/list.html?q=꼬막비빔칼국수
새우샐러드파스타,/recipe/list.html?q=새우샐러드파스타
애플허니브레드,/recipe/list.html?q=애플허니브레드
참치짜장떡볶이,/recipe/list.html?q=참치짜장떡볶이
호두바나나프렌치토스트,/recipe/list.html?q=호두바나나프렌치토스트
양상추간장비빔국수,/recipe/list.html?q=양상추간장비빔국수
햄계란샌드위치,/recipe/list.html?q=햄계란샌드위치
된장칼국수,/recipe/list.html?q=된장칼국수
건포도스콘,/recipe/list.html?q=건포도스콘
김치수제비된장국,/recipe/list.html?q=김치수제비된장국
또띠아호떡,/recipe/list.html?q=또띠아호떡
치즈미트볼스파게티,/recipe/list.html?q=치즈미트볼스파게티
닭가슴살비빔국수,/recipe/list.html?q=닭가슴살비빔국수
김치말이잔치국수,/recipe/list.html?q=김치말이잔치국수
매운크림떡볶이,/recipe/list.html?q=매운크림떡볶이
양파모짜렐라치즈스콘,/recipe/list.html?q=양파모짜렐라치즈스콘
두부면알리오올리오파스타,/recipe/list.html?q=두부면알리오올리오파스타
들깨수제비,/recipe/list.html?q=들깨수제비
오색떡국떡피자,/recipe/list.html?q=오색떡국떡피자
황치즈쿠키,/recipe/list.html?q=황치즈쿠키
요거트닭가슴살샌드위치,/recipe/list.html?q=요거트닭가슴살샌드위치
단호박크림치즈마들렌,/recipe/list.html?q=단호박크림치즈마들렌
치즈푸실리파스타,/recipe/list.html?q=치즈푸실리파스타
딸기크림치즈파운드케이크,/recipe/list.html?q=딸기크림치즈파운드케이크
김치비빔국수,/recipe/list.html?q=김치비빔국수
하드롤계란빵,/recipe/list.html?q=하드롤계란빵
카레닭가슴살샌드위치,/recipe/list.html?q=카레닭가슴살샌드위치
양파치즈치아바타샌드위치,/recipe/list.html?q=양파치즈치아바타샌드위치
치즈베이컨계란빵,/recipe/list.html?q=치즈베이컨계란빵
베이컨치즈프렌치토스트,/recipe/list.html?q=베이컨치즈프렌치토스트
크래미치즈토스트,/recipe/list.html?q=크래미치즈토스트
소보로기름떡볶이,/recipe/list.html?q=소보로기름떡볶이
마늘치즈떡볶이,/recipe/list.html?q=마늘치즈떡볶이
순대어묵떡볶이꼬치,/recipe/list.html?q=순대어묵떡볶이꼬치
닭고기미트볼펜네파스타,/recipe/list.html?q=닭고기미트볼펜네파스타
모닝빵버거,/recipe/list.html?q=모닝빵버거
달래간장비빔국수,/recipe/list.html?q=달래간장비빔국수
식빵계란빵,/recipe/list.html?q=식빵계란빵
피자치즈쿠키,/recipe/list.html?q=피자치즈쿠키
옥수수참치샌드위치,/recipe/list.html?q=옥수수참치샌드위치
노오븐치즈케이크,/recipe/list.html?q=노오븐치즈케이크
초콜릿스콘,/recipe/list.html?q=초콜릿스콘
호두초코칩머핀,/recipe/list.html?q=호두초코칩머핀
갈릭까르보나라떡볶이,/recipe/list.html?q=갈릭까르보나라떡볶이
쌀가루모카머핀,/recipe/list.html?q=쌀가루모카머핀
연유모닝빵,/recipe/list.html?q=연유모닝빵
카야치즈마늘빵,/recipe/list.html?q=카야치즈마늘빵
통옥수수식빵,/recipe/list.html?q=통옥수수식빵
아몬드초코칩쿠키,/recipe/list.html?q=아몬드초코칩쿠키
라면국물떡볶이,/recipe/list.html?q=라면국물떡볶이
모카빵참치샌드위치,/recipe/list.html?q=모카빵참치샌드위치
초코치즈쿠키,/recipe/list.html?q=초코치즈쿠키
바나나파운드케이크,/recipe/list.html?q=바나나파운드케이크
군만두피자,/recipe/list.html?q=군만두피자
가지파스타샐러드,/recipe/list.html?q=가지파스타샐러드
하트초코쿠키,/recipe/list.html?q=하트초코쿠키
들깨크림떡볶이,/recipe/list.html?q=들깨크림떡볶이
바게트참치샌드위치,/recipe/list.html?q=바게트참치샌드위치
토마토달걀오픈토스트,/recipe/list.html?q=토마토달걀오픈토스트
초콜릿땅콩쿠키,/recipe/list.html?q=초콜릿땅콩쿠키
초코버터쿠키,/recipe/list.html?q=초코버터쿠키
식빵인절미호떡,/recipe/list.html?q=식빵인절미호떡
커피치즈식빵,/recipe/list.html?q=커피치즈식빵
아몬드스노우볼쿠키,/recipe/list.html?q=아몬드스노우볼쿠키
생크림초콜릿케이크,/recipe/list.html?q=생크림초콜릿케이크
녹차머핀,/recipe/list.html?q=녹차머핀
고구마계란빵,/recipe/list.html?q=고구마계란빵
베리크림치즈케이크,/recipe/list.html?q=베리크림치즈케이크
베이컨마늘빵,/recipe/list.html?q=베이컨마늘빵
세발나물잔치국수,/recipe/list.html?q=세발나물잔치국수
대파스콘,/recipe/list.html?q=대파스콘
밀가루,"javascript:goSearchRecipe('cat3','32')"
새우로제스파게티,/recipe/list.html?q=새우로제스파게티
불닭고구마피자,/recipe/list.html?q=불닭고구마피자
치즈호떡,/recipe/list.html?q=치즈호떡
식빵애플파이,/recipe/list.html?q=식빵애플파이
들깨감자수제비,/recipe/list.html?q=들깨감자수제비
미트볼로제떡볶이,/recipe/list.html?q=미트볼로제떡볶이
굴칼국수,/recipe/list.html?q=굴칼국수
통밀쇼트브레드쿠키,/recipe/list.html?q=통밀쇼트브레드쿠키
간장궁중떡볶이,/recipe/list.html?q=간장궁중떡볶이
바닐라카스테라,/recipe/list.html?q=바닐라카스테라
계란빵찜케이크,/recipe/list.html?q=계란빵찜케이크
민트초코쿠키,/recipe/list.html?q=민트초코쿠키
로투스브라우니치즈케이크,/recipe/list.html?q=로투스브라우니치즈케이크
된장수제비,/recipe/list.html?q=된장수제비
김치떡볶이,/recipe/list.html?q=김치떡볶이
리얼초코머핀,/recipe/list.html?q=리얼초코머핀
견과류또띠아피자,/recipe/list.html?q=견과류또띠아피자
대추쌀마들렌,/recipe/list.html?q=대추쌀마들렌
팬케이크,/recipe/list.html?q=팬케이크
피자치즈붕어빵,/recipe/list.html?q=피자치즈붕어빵
스크램블에그오픈토스트,/recipe/list.html?q=스크램블에그오픈토스트
베이컨치즈오픈토스트,/recipe/list.html?q=베이컨치즈오픈토스트
카라멜레어치즈케이크,/recipe/list.html?q=카라멜레어치즈케이크
핫도그샌드위치,/recipe/list.html?q=핫도그샌드위치
해물토마토파스타,/recipe/list.html?q=해물토마토파스타
멸치잔치국수,/recipe/list.html?q=멸치잔치국수
식빵소시지핫도그,/recipe/list.html?q=식빵소시지핫도그
떡피자그라탕,/recipe/list.html?q=떡피자그라탕
백련초고구마현미쌀롤케이크,/recipe/list.html?q=백련초고구마현미쌀롤케이크
새우계란빵,/recipe/list.html?q=새우계란빵
새우토마토스파게티,/recipe/list.html?q=새우토마토스파게티
초코칩스콘,/recipe/list.html?q=초코칩스콘
생들깨칼국수,/recipe/list.html?q=생들깨칼국수
레몬컵케이크,/recipe/list.html?q=레몬컵케이크
노오븐카스테라,/recipe/list.html?q=노오븐카스테라
양배추계란샌드위치,/recipe/list.html?q=양배추계란샌드위치
치즈떡피자,/recipe/list.html?q=치즈떡피자
기름떡볶이샐러드,/recipe/list.html?q=기름떡볶이샐러드
와플,/recipe/list.html?q=와플
초코바스크치즈케이크,/recipe/list.html?q=초코바스크치즈케이크
푸실리냉파스타,/recipe/list.html?q=푸실리냉파스타
크림치즈당근머핀,/recipe/list.html?q=크림치즈당근머핀
흑임자마들렌,/recipe/list.html?q=흑임자마들렌
베이글마늘빵,/recipe/list.html?q=베이글마늘빵
차돌박이국물떡볶이,/recipe/list.html?q=차돌박이국물떡볶이
파스타소스해물떡볶이,/recipe/list.html?q=파스타소스해물떡볶이
카푸치노초코머핀,/recipe/list.html?q=카푸치노초코머핀
리얼초코브라우니,/recipe/list.html?q=리얼초코브라우니
전복크림파스타,/recipe/list.html?q=전복크림파스타
치즈머핀,/recipe/list.html?q=치즈머핀
스팸계란피자,/recipe/list.html?q=스팸계란피자
크림치즈미니롤케이크,/recipe/list.html?q=크림치즈미니롤케이크
얼큰수제비,/recipe/list.html?q=얼큰수제비
김치잡채호떡,/recipe/list.html?q=김치잡채호떡
칠리핫도그,/recipe/list.html?q=칠리핫도그
블랙쿠키슈,/recipe/list.html?q=블랙쿠키슈
사라다빵,/recipe/list.html?q=사라다빵
포테이토불고기피자,/recipe/list.html?q=포테이토불고기피자
카라멜마들렌,/recipe/list.html?q=카라멜마들렌
방울토마토스파게티,/recipe/list.html?q=방울토마토스파게티
석류로제스파게티,/recipe/list.html?q=석류로제스파게티
할로윈버터쿠키,/recipe/list.html?q=할로윈버터쿠키
베이컨클럽샌드위치,/recipe/list.html?q=베이컨클럽샌드위치
김치궁중떡볶이,/recipe/list.html?q=김치궁중떡볶이
크렌베리오트밀쿠키,/recipe/list.html?q=크렌베리오트밀쿠키
메이플고구마쿠키,/recipe/list.html?q=메이플고구마쿠키
단호박치즈케이크,/recipe/list.html?q=단호박치즈케이크
돌나물오일냉파스타,/recipe/list.html?q=돌나물오일냉파스타
두부감자피자,/recipe/list.html?q=두부감자피자
감자양배추사라다빵,/recipe/list.html?q=감자양배추사라다빵
고구마핫케이크찐빵,/recipe/list.html?q=고구마핫케이크찐빵
치즈카스테라,/recipe/list.html?q=치즈카스테라
만두피호떡,/recipe/list.html?q=만두피호떡
허니치즈토스트,/recipe/list.html?q=허니치즈토스트
리가토니로제파스타,/recipe/list.html?q=리가토니로제파스타
딸기크림치즈핫케이크,/recipe/list.html?q=딸기크림치즈핫케이크
매콤갈릭오일파스타,/recipe/list.html?q=매콤갈릭오일파스타
베이컨오일파스타,/recipe/list.html?q=베이컨오일파스타
멸치칼국수파스타,/recipe/list.html?q=멸치칼국수파스타
칼국수,/recipe/list.html?q=칼국수
해물간장떡볶이,/recipe/list.html?q=해물간장떡볶이
딸기치즈케이크,/recipe/list.html?q=딸기치즈케이크
코코넛머랭쿠키,/recipe/list.html?q=코코넛머랭쿠키
딸기생크림롤케이크,/recipe/list.html?q=딸기생크림롤케이크
미트볼토마토스파게티,/recipe/list.html?q=미트볼토마토스파게티
소고기크림치즈오븐스파게티,/recipe/list.html?q=소고기크림치즈오븐스파게티
쑥인절미토스트,/recipe/list.html?q=쑥인절미토스트
어묵잔치국수,/recipe/list.html?q=어묵잔치국수
뚝배기해물떡볶이,/recipe/list.html?q=뚝배기해물떡볶이
크림치즈쿠키,/recipe/list.html?q=크림치즈쿠키
마약토스트,/recipe/list.html?q=마약토스트
소고기된장수제비,/recipe/list.html?q=소고기된장수제비
피넛버터초코오트밀쿠키,/recipe/list.html?q=피넛버터초코오트밀쿠키
레몬생크림케이크,/recipe/list.html?q=레몬생크림케이크
치즈식빵샌드,/recipe/list.html?q=치즈식빵샌드
토마토파스타소스,/recipe/list.html?q=토마토파스타소스
김치계란샌드위치,/recipe/list.html?q=김치계란샌드위치
누텔라초코쿠키,/recipe/list.html?q=누텔라초코쿠키
불고기궁중떡볶이,/recipe/list.html?q=불고기궁중떡볶이
연유치즈토스트,/recipe/list.html?q=연유치즈토스트
전자렌지고구마계란빵,/recipe/list.html?q=전자렌지고구마계란빵
핫케이크미니핫도그,/recipe/list.html?q=핫케이크미니핫도그
오렌지파운드케이크,/recipe/list.html?q=오렌지파운드케이크
고구마팬케이크,/recipe/list.html?q=고구마팬케이크
쇼콜라크림치즈머핀,/recipe/list.html?q=쇼콜라크림치즈머핀
수제비,/recipe/list.html?q=수제비
홍가리비칼국수,/recipe/list.html?q=홍가리비칼국수
감바스명란파스타,/recipe/list.html?q=감바스명란파스타
멸치칼국수국밥,/recipe/list.html?q=멸치칼국수국밥
고추장낙지수제비,/recipe/list.html?q=고추장낙지수제비
옥수수브레드,/recipe/list.html?q=옥수수브레드
떡단팥빵,/recipe/list.html?q=떡단팥빵
시금치햄치즈샌드위치,/recipe/list.html?q=시금치햄치즈샌드위치
카레떡볶이,/recipe/list.html?q=카레떡볶이
쑥핫케이크,/recipe/list.html?q=쑥핫케이크
김치참치샌드위치,/recipe/list.html?q=김치참치샌드위치
식빵,/recipe/list.html?q=식빵
새우아보카도샌드위치,/recipe/list.html?q=새우아보카도샌드위치
모카롤케이크,/recipe/list.html?q=모카롤케이크
또디아고구마피자,/recipe/list.html?q=또디아고구마피자
타로에그샌드위치,/recipe/list.html?q=타로에그샌드위치
김치골뱅이비빔국수,/recipe/list.html?q=김치골뱅이비빔국수
미니코코넛파운드케이크,/recipe/list.html?q=미니코코넛파운드케이크
과카몰리치아바타샌드위치,/recipe/list.html?q=과카몰리치아바타샌드위치
마늘식빵스틱,/recipe/list.html?q=마늘식빵스틱
양배추된장수제비,/recipe/list.html?q=양배추된장수제비
찹쌀호떡,/recipe/list.html?q=찹쌀호떡
고구마찹쌀호떡,/recipe/list.html?q=고구마찹쌀호떡
단호박에그샌드위치,/recipe/list.html?q=단호박에그샌드위치
크림스파게티,/recipe/list.html?q=크림스파게티
아몬드쇼트브레드,/recipe/list.html?q=아몬드쇼트브레드
어묵간장비빔국수,/recipe/list.html?q=어묵간장비빔국수
감자고구마피자,/recipe/list.html?q=감자고구마피자
마늘야채모닝빵,/recipe/list.html?q=마늘야채모닝빵
아이스크림떡볶이,/recipe/list.html?q=아이스크림떡볶이
양배추기름떡볶이,/recipe/list.html?q=양배추기름떡볶이
쿠키,/recipe/list.html?q=쿠키
딸기머랭쿠키,/recipe/list.html?q=딸기머랭쿠키
고구마식빵피자,/recipe/list.html?q=고구마식빵피자
감자달걀샌드위치,/recipe/list.html?q=감자달걀샌드위치
양배추계란토스트,/recipe/list.html?q=양배추계란토스트
오레오바나나머핀,/recipe/list.html?q=오레오바나나머핀
게살베이글오픈샌드위치,/recipe/list.html?q=게살베이글오픈샌드위치
버터쿠키,/recipe/list.html?q=버터쿠키
소세지토마토파스타,/recipe/list.html?q=소세지토마토파스타
또띠아불고기피자,/recipe/list.html?q=또띠아불고기피자
시금치된장수제비,/recipe/list.html?q=시금치된장수제비
신라면투움바파스타,/recipe/list.html?q=신라면투움바파스타
크리스마스컵케이크,/recipe/list.html?q=크리스마스컵케이크
브라우니머핀,/recipe/list.html?q=브라우니머핀
두부면크림파스타,/recipe/list.html?q=두부면크림파스타
감자수제비,/recipe/list.html?q=감자수제비
플레인스콘,/recipe/list.html?q=플레인스콘
크리스마스아이싱쿠키,/recipe/list.html?q=크리스마스아이싱쿠키
치즈모닝빵샌드위치,/recipe/list.html?q=치즈모닝빵샌드위치
오믈렛햄치즈토스트,/recipe/list.html?q=오믈렛햄치즈토스트
돼지고기미트소스스파게티,/recipe/list.html?q=돼지고기미트소스스파게티
초코치즈케이크,/recipe/list.html?q=초코치즈케이크
베이컨치즈토스트,/recipe/list.html?q=베이컨치즈토스트
쉬림프크림스파게티,/recipe/list.html?q=쉬림프크림스파게티
아보카도오픈토스트,/recipe/list.html?q=아보카도오픈토스트
실곤약비빔국수,/recipe/list.html?q=실곤약비빔국수
홍차초코스콘,/recipe/list.html?q=홍차초코스콘
생크림모닝빵,/recipe/list.html?q=생크림모닝빵
리코타치즈파스타샐러드,/recipe/list.html?q=리코타치즈파스타샐러드
단호박치즈호떡,/recipe/list.html?q=단호박치즈호떡
꽃게바지락칼국수,/recipe/list.html?q=꽃게바지락칼국수
바게트양배추샌드위치,/recipe/list.html?q=바게트양배추샌드위치
된장해물칼국수,/recipe/list.html?q=된장해물칼국수
크림치즈케이크,/recipe/list.html?q=크림치즈케이크
닭가슴살까르보나라떡볶이,/recipe/list.html?q=닭가슴살까르보나라떡볶이
황치즈파운드케이크,/recipe/list.html?q=황치즈파운드케이크
두부초콜릿케이크,/recipe/list.html?q=두부초콜릿케이크
김치밥피자,/recipe/list.html?q=김치밥피자
미트스파게티,/recipe/list.html?q=미트스파게티
모카카스테라,/recipe/list.html?q=모카카스테라
불고기모닝빵피자,/recipe/list.html?q=불고기모닝빵피자
마카로니해물토마토파스타,/recipe/list.html?q=마카로니해물토마토파스타
커피브레드푸딩,/recipe/list.html?q=커피브레드푸딩
꼬막비빔국수,/recipe/list.html?q=꼬막비빔국수
오레오퍼지브라우니,/recipe/list.html?q=오레오퍼지브라우니
양배추달걀샌드위치,/recipe/list.html?q=양배추달걀샌드위치
커피초코칩쿠키,/recipe/list.html?q=커피초코칩쿠키
치킨로제스파게티,/recipe/list.html?q=치킨로제스파게티
치즈감자호떡,/recipe/list.html?q=치즈감자호떡
파기름떡볶이,/recipe/list.html?q=파기름떡볶이
크림펜네파스타,/recipe/list.html?q=크림펜네파스타
구운오픈토스트,/recipe/list.html?q=구운오픈토스트
뉴욕핫도그,/recipe/list.html?q=뉴욕핫도그
해산물오일파스타,/recipe/list.html?q=해산물오일파스타
옥수수체다치즈머핀,/recipe/list.html?q=옥수수체다치즈머핀
대파크림치즈베이글샌드위치,/recipe/list.html?q=대파크림치즈베이글샌드위치
당근라페오픈토스트,/recipe/list.html?q=당근라페오픈토스트
흑임자통밀쿠키,/recipe/list.html?q=흑임자통밀쿠키
견과류콘브레드,/recipe/list.html?q=견과류콘브레드
참치토마토펜네파스타,/recipe/list.html?q=참치토마토펜네파스타
피자빵,/recipe/list.html?q=피자빵
모닝빵피자,/recipe/list.html?q=모닝빵피자
버터초코칩쿠키,/recipe/list.html?q=버터초코칩쿠키
아이스크림와플,/recipe/list.html?q=아이스크림와플
토마토아보카도샐러드파스타,/recipe/list.html?q=토마토아보카도샐러드파스타
식빵피자,/recipe/list.html?q=식빵피자
아스파라거스아보카도에그샌드위치,/recipe/list.html?q=아스파라거스아보카도에그샌드위치
모닝빵참치샌드위치,/recipe/list.html?q=모닝빵참치샌드위치
대합낙지수제비,/recipe/list.html?q=대합낙지수제비
치즈에그토스트,/recipe/list.html?q=치즈에그토스트
오레오크림치즈머핀,/recipe/list.html?q=오레오크림치즈머핀
할로윈머랭쿠키,/recipe/list.html?q=할로윈머랭쿠키
멸치비빔칼국수,/recipe/list.html?q=멸치비빔칼국수
호떡와플,/recipe/list.html?q=호떡와플
시금치연어크림파스타,/recipe/list.html?q=시금치연어크림파스타
소세지빵,/recipe/list.html?q=소세지빵
초코땅콩쿠키,/recipe/list.html?q=초코땅콩쿠키
나물피자빵,/recipe/list.html?q=나물피자빵
김치치즈호떡,/recipe/list.html?q=김치치즈호떡
치즈크림스파게티,/recipe/list.html?q=치즈크림스파게티
사과참치샌드위치,/recipe/list.html?q=사과참치샌드위치
토마토파스타,/recipe/list.html?q=토마토파스타
크림치즈프렌치토스트,/recipe/list.html?q=크림치즈프렌치토스트
빠네로제파스타,/recipe/list.html?q=빠네로제파스타
통밀바나나브레드,/recipe/list.html?q=통밀바나나브레드
두부고구마호떡,/recipe/list.html?q=두부고구마호떡
훈제계란샌드위치,/recipe/list.html?q=훈제계란샌드위치
통밀피칸초코칩쿠키,/recipe/list.html?q=통밀피칸초코칩쿠키
견과류식빵러스크,/recipe/list.html?q=견과류식빵러스크
카레칼국수,/recipe/list.html?q=카레칼국수
실곤약냉파스타,/recipe/list.html?q=실곤약냉파스타
코코넛오트밀쿠키,/recipe/list.html?q=코코넛오트밀쿠키
통밀스콘,/recipe/list.html?q=통밀스콘
소불고기샌드위치,/recipe/list.html?q=소불고기샌드위치
더블초콜릿스콘,/recipe/list.html?q=더블초콜릿스콘
자색고구마케이크,/recipe/list.html?q=자색고구마케이크
식빵치즈스틱,/recipe/list.html?q=식빵치즈스틱
호두당근케이크,/recipe/list.html?q=호두당근케이크
닭가슴살샌드위치,/recipe/list.html?q=닭가슴살샌드위치
두부잔치국수,/recipe/list.html?q=두부잔치국수
김치잔치국수,/recipe/list.html?q=김치잔치국수
에그토스트,/recipe/list.html?q=에그토스트
명란감자피자,/recipe/list.html?q=명란감자피자
매운버섯칼국수,/recipe/list.html?q=매운버섯칼국수
고구마단팥빵,/recipe/list.html?q=고구마단팥빵
초코머랭쿠키,/recipe/list.html?q=초코머랭쿠키
오징어국물떡볶이,/recipe/list.html?q=오징어국물떡볶이
버터오트밀쿠키,/recipe/list.html?q=버터오트밀쿠키
두부면치즈오븐스파게티,/recipe/list.html?q=두부면치즈오븐스파게티
달걀토스트샌드위치,/recipe/list.html?q=달걀토스트샌드위치
식빵피자고로케,/recipe/list.html?q=식빵피자고로케
관자새우크림파스타,/recipe/list.html?q=관자새우크림파스타
무화과크림치즈토스트,/recipe/list.html?q=무화과크림치즈토스트
리얼고구마빵,/recipe/list.html?q=리얼고구마빵
크림치즈당근컵케이크,/recipe/list.html?q=크림치즈당근컵케이크
연어크림파스타,/recipe/list.html?q=연어크림파스타
베이컨까르보나라스파게티,/recipe/list.html?q=베이컨까르보나라스파게티
달걀토스트,/recipe/list.html?q=달걀토스트
소시지잉글리쉬머핀,/recipe/list.html?q=소시지잉글리쉬머핀
훈제오리베이글샌드위치,/recipe/list.html?q=훈제오리베이글샌드위치
녹차카스테라,/recipe/list.html?q=녹차카스테라
스팸토마토스파게티,/recipe/list.html?q=스팸토마토스파게티
마카로니치즈떡볶이,/recipe/list.html?q=마카로니치즈떡볶이
요거트크랜베리스콘,/recipe/list.html?q=요거트크랜베리스콘
콘치즈식빵,/recipe/list.html?q=콘치즈식빵
오징어비빔국수,/recipe/list.html?q=오징어비빔국수
옥수수소세지빵,/recipe/list.html?q=옥수수소세지빵
크랜베리스콘,/recipe/list.html?q=크랜베리스콘
녹차스콘,/recipe/list.html?q=녹차스콘
멸치칼국수,/recipe/list.html?q=멸치칼국수
몽키브레드,/recipe/list.html?q=몽키브레드
크리스마스진저맨아이싱쿠키,/recipe/list.html?q=크리스마스진저맨아이싱쿠키
김치해물토마토파스타,/recipe/list.html?q=김치해물토마토파스타
오레오브라우니컵케이크,/recipe/list.html?q=오레오브라우니컵케이크
오트밀크랜베리스콘,/recipe/list.html?q=오트밀크랜베리스콘
으깬감자계란샌드위치,/recipe/list.html?q=으깬감자계란샌드위치
블루베리생크림식빵롤,/recipe/list.html?q=블루베리생크림식빵롤
차돌박이즉석떡볶이,/recipe/list.html?q=차돌박이즉석떡볶이
어니언치즈토스트,/recipe/list.html?q=어니언치즈토스트
초콜릿딸기레어치즈케이크,/recipe/list.html?q=초콜릿딸기레어치즈케이크
콩나물해물칼국수,/recipe/list.html?q=콩나물해물칼국수
칠리닭가슴살샌드위치,/recipe/list.html?q=칠리닭가슴살샌드위치
마늘식빵,/recipe/list.html?q=마늘식빵
크림치즈식빵고로케,/recipe/list.html?q=크림치즈식빵고로케
양파링밥피자,/recipe/list.html?q=양파링밥피자
기네스초코파운드케이크,/recipe/list.html?q=기네스초코파운드케이크
롤프렌치토스트,/recipe/list.html?q=롤프렌치토스트
브로콜리달걀샌드위치,/recipe/list.html?q=브로콜리달걀샌드위치
베이컨토마토스파게티,/recipe/list.html?q=베이컨토마토스파게티
애플참치샌드위치,/recipe/list.html?q=애플참치샌드위치
부라타치즈스파게티,/recipe/list.html?q=부라타치즈스파게티
초코바나나케이크,/recipe/list.html?q=초코바나나케이크
얼그레이롤케이크,/recipe/list.html?q=얼그레이롤케이크
달걀햄치즈샌드위치,/recipe/list.html?q=달걀햄치즈샌드위치
호박토마토파스타,/recipe/list.html?q=호박토마토파스타
체리블루베리와플,/recipe/list.html?q=체리블루베리와플
쌀와플,/recipe/list.html?q=쌀와플
초코아이싱쿠키,/recipe/list.html?q=초코아이싱쿠키
눈꽃아이싱쿠키,/recipe/list.html?q=눈꽃아이싱쿠키
돌나물새우크림파스타,/recipe/list.html?q=돌나물새우크림파스타
베이컨소세지빵,/recipe/list.html?q=베이컨소세지빵
오레오크림치즈케이크,/recipe/list.html?q=오레오크림치즈케이크
오트밀아몬드쿠키,/recipe/list.html?q=오트밀아몬드쿠키
진짬뽕투움바파스타,/recipe/list.html?q=진짬뽕투움바파스타
풋고추치즈핫도그,/recipe/list.html?q=풋고추치즈핫도그
단호박케이크,/recipe/list.html?q=단호박케이크
민트초코머랭쿠키,/recipe/list.html?q=민트초코머랭쿠키
호두오트밀쿠키,/recipe/list.html?q=호두오트밀쿠키
크래미마요네즈피자토스트,/recipe/list.html?q=크래미마요네즈피자토스트
바나나컵케이크,/recipe/list.html?q=바나나컵케이크
크림허니브레드볼,/recipe/list.html?q=크림허니브레드볼
치즈에그샌드위치,/recipe/list.html?q=치즈에그샌드위치
블루베리치즈머핀,/recipe/list.html?q=블루베리치즈머핀
연어베이글샌드위치,/recipe/list.html?q=연어베이글샌드위치
간장당면떡볶이,/recipe/list.html?q=간장당면떡볶이
해물떡볶이치즈구이,/recipe/list.html?q=해물떡볶이치즈구이
미역수제비,/recipe/list.html?q=미역수제비
잔치국수,/recipe/list.html?q=잔치국수
햄프씨드양배추샌드위치,/recipe/list.html?q=햄프씨드양배추샌드위치
핫케이크믹스,/recipe/list.html?q=핫케이크믹스
훈제오리오일스파게티,/recipe/list.html?q=훈제오리오일스파게티
흑미떡국떡떡볶이,/recipe/list.html?q=흑미떡국떡떡볶이
인절미와플,/recipe/list.html?q=인절미와플
오픈샌드위치,/recipe/list.html?q=오픈샌드위치
크래미계란토스트,/recipe/list.html?q=크래미계란토스트
카스테라경단,/recipe/list.html?q=카스테라경단
말차초코칩스콘,/recipe/list.html?q=말차초코칩스콘
갈릭콘브레드,/recipe/list.html?q=갈릭콘브레드
가지피자,/recipe/list.html?q=가지피자
노오븐또띠아피자,/recipe/list.html?q=노오븐또띠아피자
꿀호떡계란샌드위치,/recipe/list.html?q=꿀호떡계란샌드위치
초콜릿바나나토스트,/recipe/list.html?q=초콜릿바나나토스트
카라멜식빵팝콘,/recipe/list.html?q=카라멜식빵팝콘
펜네나폴리탄스파게티,/recipe/list.html?q=펜네나폴리탄스파게티
로제스파게티,/recipe/list.html?q=로제스파게티
명란크림떡볶이,/recipe/list.html?q=명란크림떡볶이
미니초코머핀,/recipe/list.html?q=미니초코머핀
모닝빵계란샌드위치,/recipe/list.html?q=모닝빵계란샌드위치
머핀,/recipe/list.html?q=머핀
장아찌간장비빔국수,/recipe/list.html?q=장아찌간장비빔국수
양파와플피자,/recipe/list.html?q=양파와플피자
크림떡볶이,/recipe/list.html?q=크림떡볶이
코코넛오일핫케이크,/recipe/list.html?q=코코넛오일핫케이크
베이컨치즈달걀토스트,/recipe/list.html?q=베이컨치즈달걀토스트
단호박머핀,/recipe/list.html?q=단호박머핀
양파치즈핫도그,/recipe/list.html?q=양파치즈핫도그
인절미토스트,/recipe/list.html?q=인절미토스트
초코바나나오픈토스트,/recipe/list.html?q=초코바나나오픈토스트
고구마핫케이크,/recipe/list.html?q=고구마핫케이크
어묵김치비빔국수,/recipe/list.html?q=어묵김치비빔국수
애호박면로제파스타,/recipe/list.html?q=애호박면로제파스타
케이크,/recipe/list.html?q=케이크
인삼냉파스타,/recipe/list.html?q=인삼냉파스타
아보카도계란샌드위치,/recipe/list.html?q=아보카도계란샌드위치
카프레제파스타샐러드,/recipe/list.html?q=카프레제파스타샐러드
감자채밥피자,/recipe/list.html?q=감자채밥피자
레어치즈케이크,/recipe/list.html?q=레어치즈케이크
연유브레드,/recipe/list.html?q=연유브레드
클럽샌드위치,/recipe/list.html?q=클럽샌드위치
수플레팬케이크,/recipe/list.html?q=수플레팬케이크
얼큰장칼국수,/recipe/list.html?q=얼큰장칼국수
베이컨토마토파스타,/recipe/list.html?q=베이컨토마토파스타
블루베리스콘,/recipe/list.html?q=블루베리스콘
사과머핀,/recipe/list.html?q=사과머핀
해물로제파스타,/recipe/list.html?q=해물로제파스타
검은깨롤케이크,/recipe/list.html?q=검은깨롤케이크
몬테크리스토샌드위치,/recipe/list.html?q=몬테크리스토샌드위치
사과프렌치토스트,/recipe/list.html?q=사과프렌치토스트
해물칼국수,/recipe/list.html?q=해물칼국수
에그샌드위치,/recipe/list.html?q=에그샌드위치
카카오닙스초코케이크,/recipe/list.html?q=카카오닙스초코케이크
어묵밥핫도그,/recipe/list.html?q=어묵밥핫도그
가리비오일파스타,/recipe/list.html?q=가리비오일파스타
스테이크크림스파게티,/recipe/list.html?q=스테이크크림스파게티
콘치즈핫도그,/recipe/list.html?q=콘치즈핫도그
옥수수카스테라,/recipe/list.html?q=옥수수카스테라
연어크림스파게티,/recipe/list.html?q=연어크림스파게티
가지토마토파스타,/recipe/list.html?q=가지토마토파스타
아보카도살라미오픈샌드위치,/recipe/list.html?q=아보카도살라미오픈샌드위치
바나나프렌치토스트,/recipe/list.html?q=바나나프렌치토스트
샐러드파스타,/recipe/list.html?q=샐러드파스타
베이컨간장떡볶이,/recipe/list.html?q=베이컨간장떡볶이
삼겹살베이글샌드위치,/recipe/list.html?q=삼겹살베이글샌드위치
치즈떡볶이그라탕,/recipe/list.html?q=치즈떡볶이그라탕
새싹감자샌드위치,/recipe/list.html?q=새싹감자샌드위치
표고버섯당면떡볶이,/recipe/list.html?q=표고버섯당면떡볶이
감자만두피자,/recipe/list.html?q=감자만두피자
참치햄치즈샌드위치,/recipe/list.html?q=참치햄치즈샌드위치
레몬파운드케이크,/recipe/list.html?q=레몬파운드케이크
모카마들렌,/recipe/list.html?q=모카마들렌
까르보나라떡볶이,/recipe/list.html?q=까르보나라떡볶이
핫초코브라우니,/recipe/list.html?q=핫초코브라우니
간식떡피자,/recipe/list.html?q=간식떡피자
크림치즈버터쿠키,/recipe/list.html?q=크림치즈버터쿠키
고구마파운드케이크,/recipe/list.html?q=고구마파운드케이크
아보카도시금치바나나머핀,/recipe/list.html?q=아보카도시금치바나나머핀
떠먹는피자계란빵,/recipe/list.html?q=떠먹는피자계란빵
양배추사라다빵,/recipe/list.html?q=양배추사라다빵
아몬드블루베리머핀,/recipe/list.html?q=아몬드블루베리머핀
오렌지마들렌,/recipe/list.html?q=오렌지마들렌
밥통초코케이크,/recipe/list.html?q=밥통초코케이크
녹차브라우니타르트,/recipe/list.html?q=녹차브라우니타르트
밤식빵,/recipe/list.html?q=밤식빵
불고기샌드위치,/recipe/list.html?q=불고기샌드위치
허브생크림식빵,/recipe/list.html?q=허브생크림식빵
콘치즈모닝빵,/recipe/list.html?q=콘치즈모닝빵
비트사과닭고기치즈머핀,/recipe/list.html?q=비트사과닭고기치즈머핀
초코찹쌀마들렌,/recipe/list.html?q=초코찹쌀마들렌
무채국물떡볶이,/recipe/list.html?q=무채국물떡볶이
두부핫도그,/recipe/list.html?q=두부핫도그
베이컨치즈스콘,/recipe/list.html?q=베이컨치즈스콘
콘브레드,/recipe/list.html?q=콘브레드
궁중떡볶이파스타,/recipe/list.html?q=궁중떡볶이파스타
햄에그토스트,/recipe/list.html?q=햄에그토스트
햄치즈머핀,/recipe/list.html?q=햄치즈머핀
식빵크루통,/recipe/list.html?q=식빵크루통
해물크림치즈스파게티,/recipe/list.html?q=해물크림치즈스파게티
에그치즈베이글샌드위치,/recipe/list.html?q=에그치즈베이글샌드위치
아욱된장수제비,/recipe/list.html?q=아욱된장수제비
명란새우크림파스타,/recipe/list.html?q=명란새우크림파스타
옥수수식빵,/recipe/list.html?q=옥수수식빵
무화과파운드케이크,/recipe/list.html?q=무화과파운드케이크
햄에그감자샌드위치,/recipe/list.html?q=햄에그감자샌드위치
버섯명란파스타,/recipe/list.html?q=버섯명란파스타
핫케익계란빵,/recipe/list.html?q=핫케익계란빵
흑임자통밀스콘,/recipe/list.html?q=흑임자통밀스콘
체다치즈스콘,/recipe/list.html?q=체다치즈스콘
부시맨브레드,/recipe/list.html?q=부시맨브레드
고구마모닝빵샌드위치,/recipe/list.html?q=고구마모닝빵샌드위치
인삼궁중떡볶이,/recipe/list.html?q=인삼궁중떡볶이
넙적당면떡볶이,/recipe/list.html?q=넙적당면떡볶이
무슬리바나나머핀,/recipe/list.html?q=무슬리바나나머핀
키세스땅콩버터쿠키,/recipe/list.html?q=키세스땅콩버터쿠키
단호박식빵핫도그,/recipe/list.html?q=단호박식빵핫도그
양배추에그샌드위치,/recipe/list.html?q=양배추에그샌드위치
단호박초콜릿브라우니,/recipe/list.html?q=단호박초콜릿브라우니
모닝빵감자샌드위치,/recipe/list.html?q=모닝빵감자샌드위치
커피호두스콘,/recipe/list.html?q=커피호두스콘
에그감자샐러드샌드위치,/recipe/list.html?q=에그감자샐러드샌드위치
올리브유마늘빵,/recipe/list.html?q=올리브유마늘빵
로투스크림치즈초코머핀,/recipe/list.html?q=로투스크림치즈초코머핀
딸기컵케이크,/recipe/list.html?q=딸기컵케이크
해물치즈스파게티,/recipe/list.html?q=해물치즈스파게티
그린홍합토마토파스타,/recipe/list.html?q=그린홍합토마토파스타
모닝빵계란빵,/recipe/list.html?q=모닝빵계란빵
캐러멜바나나케이크,/recipe/list.html?q=캐러멜바나나케이크
쿠키생크림케이크,/recipe/list.html?q=쿠키생크림케이크
햄치즈에그샌드위치,/recipe/list.html?q=햄치즈에그샌드위치
후니브레드,/recipe/list.html?q=후니브레드
치즈오븐스파게티,/recipe/list.html?q=치즈오븐스파게티
사과바나나치즈토스트,/recipe/list.html?q=사과바나나치즈토스트
에스프레소초코머핀,/recipe/list.html?q=에스프레소초코머핀
피넛버터쿠키,/recipe/list.html?q=피넛버터쿠키
버섯바지락칼국수,/recipe/list.html?q=버섯바지락칼국수
돈가스베이글샌드위치,/recipe/list.html?q=돈가스베이글샌드위치
찹쌀브라우니머핀,/recipe/list.html?q=찹쌀브라우니머핀
딸기샌드위치,/recipe/list.html?q=딸기샌드위치
닭가슴살오픈샌드위치,/recipe/list.html?q=닭가슴살오픈샌드위치
해산물크림파스타,/recipe/list.html?q=해산물크림파스타
시금치크림스파게티,/recipe/list.html?q=시금치크림스파게티
북어두부미역수제비,/recipe/list.html?q=북어두부미역수제비
햄치즈달걀토스트,/recipe/list.html?q=햄치즈달걀토스트
사과팬케이크,/recipe/list.html?q=사과팬케이크
딸기핫케이크,/recipe/list.html?q=딸기핫케이크
그릭요거트딸기샌드위치,/recipe/list.html?q=그릭요거트딸기샌드위치
김치피자토스트,/recipe/list.html?q=김치피자토스트
샐러드또띠아피자,/recipe/list.html?q=샐러드또띠아피자
땅콩쿠키,/recipe/list.html?q=땅콩쿠키
두유초코브라우니,/recipe/list.html?q=두유초코브라우니
달걀크래미샐러드모닝빵샌드위치,/recipe/list.html?q=달걀크래미샐러드모닝빵샌드위치
자숙새우오일파스타,/recipe/list.html?q=자숙새우오일파스타
참치감자샌드위치,/recipe/list.html?q=참치감자샌드위치
토마토파스타샐러드,/recipe/list.html?q=토마토파스타샐러드
콘치즈식빵피자,/recipe/list.html?q=콘치즈식빵피자
양송이버섯크림파스타,/recipe/list.html?q=양송이버섯크림파스타
애호박간장비빔국수,/recipe/list.html?q=애호박간장비빔국수
닭가슴살고구마피자,/recipe/list.html?q=닭가슴살고구마피자
아몬드팬케이크,/recipe/list.html?q=아몬드팬케이크
롤치즈식빵,/recipe/list.html?q=롤치즈식빵
하트들깨쌀롤케이크,/recipe/list.html?q=하트들깨쌀롤케이크
청크초코칩쿠키,/recipe/list.html?q=청크초코칩쿠키
어묵장칼국수,/recipe/list.html?q=어묵장칼국수
야채비빔칼국수,/recipe/list.html?q=야채비빔칼국수
김치치즈떡볶이,/recipe/list.html?q=김치치즈떡볶이
홍삼쌀카스테라,/recipe/list.html?q=홍삼쌀카스테라
밥피자,/recipe/list.html?q=밥피자
아몬드버터링쿠키,/recipe/list.html?q=아몬드버터링쿠키
김치떡피자,/recipe/list.html?q=김치떡피자
투움바파스타맛라면,/recipe/list.html?q=투움바파스타맛라면
마늘빵피자,/recipe/list.html?q=마늘빵피자
마늘식빵러스크,/recipe/list.html?q=마늘식빵러스크
해물장칼국수,/recipe/list.html?q=해물장칼국수
쌀단팥빵,/recipe/list.html?q=쌀단팥빵
열무김치비빔국수,/recipe/list.html?q=열무김치비빔국수
포도수제비,/recipe/list.html?q=포도수제비
초코칩초코스콘,/recipe/list.html?q=초코칩초코스콘
봉골레오일파스타,/recipe/list.html?q=봉골레오일파스타
밤파운드케이크,/recipe/list.html?q=밤파운드케이크
옥수수우유식빵,/recipe/list.html?q=옥수수우유식빵
복숭아크림치즈토스트,/recipe/list.html?q=복숭아크림치즈토스트
표고버섯해물스파게티,/recipe/list.html?q=표고버섯해물스파게티
키위오픈샌드위치,/recipe/list.html?q=키위오픈샌드위치
당근머핀케이크,/recipe/list.html?q=당근머핀케이크
소보로초코머핀,/recipe/list.html?q=소보로초코머핀
화이트초코케이크,/recipe/list.html?q=화이트초코케이크
호박고구마호떡,/recipe/list.html?q=호박고구마호떡
치즈토스트,/recipe/list.html?q=치즈토스트
두유프렌치토스트,/recipe/list.html?q=두유프렌치토스트
콘치즈토마토스파게티,/recipe/list.html?q=콘치즈토마토스파게티
토마토로제파스타,/recipe/list.html?q=토마토로제파스타
피넛버터브라우니쿠키,/recipe/list.html?q=피넛버터브라우니쿠키
초코생크림케이크,/recipe/list.html?q=초코생크림케이크
아몬드마늘빵,/recipe/list.html?q=아몬드마늘빵
햄만두피피자,/recipe/list.html?q=햄만두피피자
초콜렛치즈머핀,/recipe/list.html?q=초콜렛치즈머핀
냉이된장수제비,/recipe/list.html?q=냉이된장수제비
즉석떡볶이,/recipe/list.html?q=즉석떡볶이
치즈계란토스트,/recipe/list.html?q=치즈계란토스트
김치페퍼로니피자토스트,/recipe/list.html?q=김치페퍼로니피자토스트
바나나토스트,/recipe/list.html?q=바나나토스트
고구마머핀,/recipe/list.html?q=고구마머핀
명란마요닭가슴살샌드위치,/recipe/list.html?q=명란마요닭가슴살샌드위치
자색고구마빵,/recipe/list.html?q=자색고구마빵
닭가슴살오픈토스트,/recipe/list.html?q=닭가슴살오픈토스트
신김치비빔국수,/recipe/list.html?q=신김치비빔국수
사과오픈토스트,/recipe/list.html?q=사과오픈토스트
대파냉파스타,/recipe/list.html?q=대파냉파스타
토마토스파게티,/recipe/list.html?q=토마토스파게티
참치김치스파게티,/recipe/list.html?q=참치김치스파게티
햄치즈베이글샌드위치,/recipe/list.html?q=햄치즈베이글샌드위치
시나몬허니버터브레드,/recipe/list.html?q=시나몬허니버터브레드
메밀비빔국수,/recipe/list.html?q=메밀비빔국수
홍차마들렌,/recipe/list.html?q=홍차마들렌
브라우니쿠키,/recipe/list.html?q=브라우니쿠키
무화과프렌치토스트,/recipe/list.html?q=무화과프렌치토스트
생크림과일오픈샌드위치,/recipe/list.html?q=생크림과일오픈샌드위치
딸기생크림모닝빵,/recipe/list.html?q=딸기생크림모닝빵
블루베리요거트크림치즈케이크,/recipe/list.html?q=블루베리요거트크림치즈케이크
바나나브레드푸딩,/recipe/list.html?q=바나나브레드푸딩
불고기간장떡볶이,/recipe/list.html?q=불고기간장떡볶이
크랜베리화이트초코쿠키,/recipe/list.html?q=크랜베리화이트초코쿠키
블루베리바나나팬케이크,/recipe/list.html?q=블루베리바나나팬케이크
대파계란토스트,/recipe/list.html?q=대파계란토스트
땅콩초코쿠키,/recipe/list.html?q=땅콩초코쿠키
유자크림치즈머핀,/recipe/list.html?q=유자크림치즈머핀
미역감자수제비,/recipe/list.html?q=미역감자수제비
감자꿀호떡,/recipe/list.html?q=감자꿀호떡
달콤딸기샌드위치,/recipe/list.html?q=달콤딸기샌드위치
바나나브레드,/recipe/list.html?q=바나나브레드
초콜릿머랭쿠키,/recipe/list.html?q=초콜릿머랭쿠키
신전로제떡볶이,/recipe/list.html?q=신전로제떡볶이
꿀호떡와플,/recipe/list.html?q=꿀호떡와플
김치토마토스파게티,/recipe/list.html?q=김치토마토스파게티
패션후르츠앤파인애플생크림케이크,/recipe/list.html?q=패션후르츠앤파인애플생크림케이크
단호박크림치즈머핀,/recipe/list.html?q=단호박크림치즈머핀
파프리카에멘탈치즈식빵,/recipe/list.html?q=파프리카에멘탈치즈식빵
아몬드머랭쿠키,/recipe/list.html?q=아몬드머랭쿠키
모짜렐라핫도그,/recipe/list.html?q=모짜렐라핫도그
베이컨국수까르보나라떡볶이,/recipe/list.html?q=베이컨국수까르보나라떡볶이
오렌지초콜릿파운드케이크,/recipe/list.html?q=오렌지초콜릿파운드케이크
소시지롤프렌치토스트,/recipe/list.html?q=소시지롤프렌치토스트
우유생크림식빵,/recipe/list.html?q=우유생크림식빵
고추장마늘빵,/recipe/list.html?q=고추장마늘빵
해산물토마토파스타,/recipe/list.html?q=해산물토마토파스타
카레식빵러스크,/recipe/list.html?q=카레식빵러스크
아몬드피넛버터쿠키,/recipe/list.html?q=아몬드피넛버터쿠키
초코릿녹차머핀,/recipe/list.html?q=초코릿녹차머핀
엔초비오일파스타,/recipe/list.html?q=엔초비오일파스타
낙지수제비,/recipe/list.html?q=낙지수제비
새우크림스파게티,/recipe/list.html?q=새우크림스파게티
식빵계란토스트,/recipe/list.html?q=식빵계란토스트
쑥치즈스콘,/recipe/list.html?q=쑥치즈스콘
옥수수단팥빵,/recipe/list.html?q=옥수수단팥빵
새우봉골레파스타,/recipe/list.html?q=새우봉골레파스타
크린베리치즈쿠키,/recipe/list.html?q=크린베리치즈쿠키
솔방울초코브라우니,/recipe/list.html?q=솔방울초코브라우니
생크림우유식빵,/recipe/list.html?q=생크림우유식빵
사과햄치즈샌드위치,/recipe/list.html?q=사과햄치즈샌드위치
연유프렌치토스트,/recipe/list.html?q=연유프렌치토스트
옥수수식빵롤,/recipe/list.html?q=옥수수식빵롤
무화과기름간장떡볶이,/recipe/list.html?q=무화과기름간장떡볶이
삶은계란피자,/recipe/list.html?q=삶은계란피자
고구마밥핫도그,/recipe/list.html?q=고구마밥핫도그
파인애플간장떡볶이,/recipe/list.html?q=파인애플간장떡볶이
허니고구마머핀,/recipe/list.html?q=허니고구마머핀
아몬드마들렌,/recipe/list.html?q=아몬드마들렌
기름떡볶이,/recipe/list.html?q=기름떡볶이
미트볼스파게티,/recipe/list.html?q=미트볼스파게티
모닝빵콘치즈,/recipe/list.html?q=모닝빵콘치즈
초콜릿케이크,/recipe/list.html?q=초콜릿케이크
크로켓미니밥핫도그,/recipe/list.html?q=크로켓미니밥핫도그
노오븐피자빵,/recipe/list.html?q=노오븐피자빵
딸기수플레팬케이크,/recipe/list.html?q=딸기수플레팬케이크
갈릭로제파스타,/recipe/list.html?q=갈릭로제파스타
고구마피자,/recipe/list.html?q=고구마피자
나물밥피자,/recipe/list.html?q=나물밥피자
복숭아레어치즈케이크,/recipe/list.html?q=복숭아레어치즈케이크
바싹기름떡볶이,/recipe/list.html?q=바싹기름떡볶이
참치김치비빔국수,/recipe/list.html?q=참치김치비빔국수
찹쌀단팥빵,/recipe/list.html?q=찹쌀단팥빵
새우시금치토마토스파게티,/recipe/list.html?q=새우시금치토마토스파게티
모카초코칩머핀,/recipe/list.html?q=모카초코칩머핀
견과또띠아피자,/recipe/list.html?q=견과또띠아피자
닭한마리칼국수,/recipe/list.html?q=닭한마리칼국수
바지락해물칼국수,/recipe/list.html?q=바지락해물칼국수
매운까르보나라떡볶이,/recipe/list.html?q=매운까르보나라떡볶이
해물국물떡볶이,/recipe/list.html?q=해물국물떡볶이
치즈야채수제비,/recipe/list.html?q=치즈야채수제비
떠먹는피자,/recipe/list.html?q=떠먹는피자
카스테라푸딩,/recipe/list.html?q=카스테라푸딩
연유버터링쿠키,/recipe/list.html?q=연유버터링쿠키
마요네즈마늘빵,/recipe/list.html?q=마요네즈마늘빵
바질크림떡볶이,/recipe/list.html?q=바질크림떡볶이
소시지식빵피자,/recipe/list.html?q=소시지식빵피자
찹쌀팬케이크,/recipe/list.html?q=찹쌀팬케이크
통아몬드쿠키,/recipe/list.html?q=통아몬드쿠키
견과류브라우니,/recipe/list.html?q=견과류브라우니
백김치간장비빔국수,/recipe/list.html?q=백김치간장비빔국수
허니갈릭브레드,/recipe/list.html?q=허니갈릭브레드
키위참치샌드위치,/recipe/list.html?q=키위참치샌드위치
로즈마리마늘빵,/recipe/list.html?q=로즈마리마늘빵
빼빼로롤케이크,/recipe/list.html?q=빼빼로롤케이크
단호박크림치즈파운드케이크,/recipe/list.html?q=단호박크림치즈파운드케이크
크림치즈토스트,/recipe/list.html?q=크림치즈토스트
원팬로제파스타,/recipe/list.html?q=원팬로제파스타
키위양배추샌드위치,/recipe/list.html?q=키위양배추샌드위치
크랜베리통밀스콘,/recipe/list.html?q=크랜베리통밀스콘
레몬딜버터쿠키,/recipe/list.html?q=레몬딜버터쿠키
귤크림치즈파운드케이크,/recipe/list.html?q=귤크림치즈파운드케이크
베이글닭가슴살샌드위치,/recipe/list.html?q=베이글닭가슴살샌드위치
백김치비빔국수,/recipe/list.html?q=백김치비빔국수
참치달걀토스트,/recipe/list.html?q=참치달걀토스트
둥근당면쌀어묵떡볶이,/recipe/list.html?q=둥근당면쌀어묵떡볶이
치즈식빵말이,/recipe/list.html?q=치즈식빵말이
통밀계란피자빵,/recipe/list.html?q=통밀계란피자빵
삶은달걀샌드위치,/recipe/list.html?q=삶은달걀샌드위치
크래미모닝빵샌드위치,/recipe/list.html?q=크래미모닝빵샌드위치
초코칩땅콩쿠키,/recipe/list.html?q=초코칩땅콩쿠키
군고구마머핀,/recipe/list.html?q=군고구마머핀
버섯오픈샌드위치,/recipe/list.html?q=버섯오픈샌드위치
모닝빵감자계란샌드위치,/recipe/list.html?q=모닝빵감자계란샌드위치
새우장칼국수,/recipe/list.html?q=새우장칼국수
초코파운드케이크,/recipe/list.html?q=초코파운드케이크
마시멜로초콜릿케이크,/recipe/list.html?q=마시멜로초콜릿케이크
야채계란토스트,/recipe/list.html?q=야채계란토스트
리코타치즈참치샌드위치,/recipe/list.html?q=리코타치즈참치샌드위치
과일또띠아피자,/recipe/list.html?q=과일또띠아피자
김치치즈스파게티,/recipe/list.html?q=김치치즈스파게티
소세지사라다빵,/recipe/list.html?q=소세지사라다빵
롤치즈스콘,/recipe/list.html?q=롤치즈스콘
개구리모닝빵감자샌드위치,/recipe/list.html?q=개구리모닝빵감자샌드위치
고추장토마토파스타,/recipe/list.html?q=고추장토마토파스타
자몽샐러드파스타,/recipe/list.html?q=자몽샐러드파스타
바나나초코칩쿠키,/recipe/list.html?q=바나나초코칩쿠키
쑥와플,/recipe/list.html?q=쑥와플
모카초코칩쿠키,/recipe/list.html?q=모카초코칩쿠키
초코칩쿠키,/recipe/list.html?q=초코칩쿠키
얼그레이홍차마들렌,/recipe/list.html?q=얼그레이홍차마들렌
베이컨계란빵,/recipe/list.html?q=베이컨계란빵
스노우맨레드벨벳컵케이크,/recipe/list.html?q=스노우맨레드벨벳컵케이크
나폴리탄스파게티,/recipe/list.html?q=나폴리탄스파게티
체리초코케이크,/recipe/list.html?q=체리초코케이크
까르보나라스파게티,/recipe/list.html?q=까르보나라스파게티
피칸초코칩쿠키,/recipe/list.html?q=피칸초코칩쿠키
새우오픈샌드위치,/recipe/list.html?q=새우오픈샌드위치
냉메밀비빔국수,/recipe/list.html?q=냉메밀비빔국수
녹차브레드푸딩,/recipe/list.html?q=녹차브레드푸딩
검은콩김치수제비,/recipe/list.html?q=검은콩김치수제비
감자계란샌드위치,/recipe/list.html?q=감자계란샌드위치
들깨닭칼국수,/recipe/list.html?q=들깨닭칼국수
바나나머핀,/recipe/list.html?q=바나나머핀
버섯치즈베이글샌드위치,/recipe/list.html?q=버섯치즈베이글샌드위치
떡국떡국물떡볶이,/recipe/list.html?q=떡국떡국물떡볶이
치즈핫도그,/recipe/list.html?q=치즈핫도그
아보카도크림치즈토스트,/recipe/list.html?q=아보카도크림치즈토스트
계란순두부피자,/recipe/list.html?q=계란순두부피자
단호박치즈떡볶이,/recipe/list.html?q=단호박치즈떡볶이
소세지브레드푸딩,/recipe/list.html?q=소세지브레드푸딩
카라멜모카머핀,/recipe/list.html?q=카라멜모카머핀
떡미트볼파스타,/recipe/list.html?q=떡미트볼파스타
참나물메밀비빔국수,/recipe/list.html?q=참나물메밀비빔국수
참치또띠아피자,/recipe/list.html?q=참치또띠아피자
크리스마스초코케이크,/recipe/list.html?q=크리스마스초코케이크
미숫가루쿠키슈,/recipe/list.html?q=미숫가루쿠키슈
고기김치비빔국수,/recipe/list.html?q=고기김치비빔국수
치즈버터링쿠키,/recipe/list.html?q=치즈버터링쿠키
모카브라우니쿠키,/recipe/list.html?q=모카브라우니쿠키
갈릭햄치즈토스트,/recipe/list.html?q=갈릭햄치즈토스트
모닝빵에그샌드위치,/recipe/list.html?q=모닝빵에그샌드위치
치킨치즈오븐스파게티,/recipe/list.html?q=치킨치즈오븐스파게티
브레드푸딩,/recipe/list.html?q=브레드푸딩
말차크림치즈쿠키,/recipe/list.html?q=말차크림치즈쿠키
흑미쌀카스테라,/recipe/list.html?q=흑미쌀카스테라
햄달걀샌드위치,/recipe/list.html?q=햄달걀샌드위치
아보카도에그토스트,/recipe/list.html?q=아보카도에그토스트
시금치펜네파스타,/recipe/list.html?q=시금치펜네파스타
유자얼그레이마들렌,/recipe/list.html?q=유자얼그레이마들렌
감자김치수제비,/recipe/list.html?q=감자김치수제비
소세지피자토스트,/recipe/list.html?q=소세지피자토스트
게살베이글샌드위치,/recipe/list.html?q=게살베이글샌드위치
녹차호떡,/recipe/list.html?q=녹차호떡
치킨피자토스트,/recipe/list.html?q=치킨피자토스트
와플토스트,/recipe/list.html?q=와플토스트
토마토치즈스파게티,/recipe/list.html?q=토마토치즈스파게티
구운가지기름떡볶이,/recipe/list.html?q=구운가지기름떡볶이
해물수제비볶음,/recipe/list.html?q=해물수제비볶음
비빔국수양념장,/recipe/list.html?q=비빔국수양념장
커피바나나머핀,/recipe/list.html?q=커피바나나머핀
표고버섯들깨수제비,/recipe/list.html?q=표고버섯들깨수제비
참치알리오올리오파스타,/recipe/list.html?q=참치알리오올리오파스타
꿀호떡와플케이크,/recipe/list.html?q=꿀호떡와플케이크
옥수수오픈토스트,/recipe/list.html?q=옥수수오픈토스트
바질페스토식빵피자,/recipe/list.html?q=바질페스토식빵피자
감자에그마요샌드위치,/recipe/list.html?q=감자에그마요샌드위치
새우투움바파스타,/recipe/list.html?q=새우투움바파스타
치킨아보카도샌드위치,/recipe/list.html?q=치킨아보카도샌드위치
청경채바질페스토푸실리파스타,/recipe/list.html?q=청경채바질페스토푸실리파스타
버터롤미니핫도그,/recipe/list.html?q=버터롤미니핫도그
호두초코칩쿠키,/recipe/list.html?q=호두초코칩쿠키
비빔칼국수,/recipe/list.html?q=비빔칼국수
식빵단팥빵,/recipe/list.html?q=식빵단팥빵
또띠아치즈호떡,/recipe/list.html?q=또띠아치즈호떡
딸기오레오크림치즈케이크,/recipe/list.html?q=딸기오레오크림치즈케이크
푸실리샐러드파스타,/recipe/list.html?q=푸실리샐러드파스타
과카몰리베이글샌드위치,/recipe/list.html?q=과카몰리베이글샌드위치
애호박잔치국수,/recipe/list.html?q=애호박잔치국수
크로와상치즈핫도그,/recipe/list.html?q=크로와상치즈핫도그
푸실리파스타샐러드,/recipe/list.html?q=푸실리파스타샐러드
마늘허니브레드,/recipe/list.html?q=마늘허니브레드
제티초코브라우니,/recipe/list.html?q=제티초코브라우니
피자밥피자,/recipe/list.html?q=피자밥피자
토마토국물떡볶이,/recipe/list.html?q=토마토국물떡볶이
블루베리크림치즈머핀,/recipe/list.html?q=블루베리크림치즈머핀
꿀호떡샌드위치,/recipe/list.html?q=꿀호떡샌드위치
치킨크림파스타,/recipe/list.html?q=치킨크림파스타
버섯오일파스타,/recipe/list.html?q=버섯오일파스타
컵브라우니,/recipe/list.html?q=컵브라우니
치즈마늘빵,/recipe/list.html?q=치즈마늘빵
바나나초콜릿파운드케이크,/recipe/list.html?q=바나나초콜릿파운드케이크
햄고추장수제비,/recipe/list.html?q=햄고추장수제비
복숭아생크림케이크,/recipe/list.html?q=복숭아생크림케이크
초코쌀카스테라,/recipe/list.html?q=초코쌀카스테라
호두머핀,/recipe/list.html?q=호두머핀
고구마쇼트브레드,/recipe/list.html?q=고구마쇼트브레드
길거리계란토스트,/recipe/list.html?q=길거리계란토스트
스노우볼쿠키,/recipe/list.html?q=스노우볼쿠키
라즈베리크림레몬컵케이크,/recipe/list.html?q=라즈베리크림레몬컵케이크
오이달걀샌드위치,/recipe/list.html?q=오이달걀샌드위치
벨기에와플,/recipe/list.html?q=벨기에와플
감자달걀샐러드모닝빵샌드위치,/recipe/list.html?q=감자달걀샐러드모닝빵샌드위치
치즈소시지빵,/recipe/list.html?q=치즈소시지빵
비건통밀쿠키,/recipe/list.html?q=비건통밀쿠키
햄또띠아피자,/recipe/list.html?q=햄또띠아피자
초코브라우니케익,/recipe/list.html?q=초코브라우니케익
참외열무비빔국수,/recipe/list.html?q=참외열무비빔국수
오트밀쿠키,/recipe/list.html?q=오트밀쿠키
유자파운드케이크,/recipe/list.html?q=유자파운드케이크
초코미니붕어빵,/recipe/list.html?q=초코미니붕어빵
갈릭버터해물떡볶이,/recipe/list.html?q=갈릭버터해물떡볶이
제육볶음칼국수,/recipe/list.html?q=제육볶음칼국수
로제파스타,/recipe/list.html?q=로제파스타
들깨칼국수,/recipe/list.html?q=들깨칼국수
당근케이크,/recipe/list.html?q=당근케이크
들깨가루크림떡볶이,/recipe/list.html?q=들깨가루크림떡볶이
무화과토스트오픈토스트,/recipe/list.html?q=무화과토스트오픈토스트
블루베리크림치즈토스트,/recipe/list.html?q=블루베리크림치즈토스트
종이컵계란빵,/recipe/list.html?q=종이컵계란빵
고추참치붕어빵,/recipe/list.html?q=고추참치붕어빵
어묵떡볶이,/recipe/list.html?q=어묵떡볶이
크레미크림스파게티,/recipe/list.html?q=크레미크림스파게티
잉글리쉬머핀맥모닝,/recipe/list.html?q=잉글리쉬머핀맥모닝
키위파스타샐러드,/recipe/list.html?q=키위파스타샐러드
당근컵케이크,/recipe/list.html?q=당근컵케이크
녹차초코칩스콘,/recipe/list.html?q=녹차초코칩스콘
고추가루마늘빵,/recipe/list.html?q=고추가루마늘빵
머랭쿠키,/recipe/list.html?q=머랭쿠키
어묵비빔국수,/recipe/list.html?q=어묵비빔국수
해물알리오올리오파스타,/recipe/list.html?q=해물알리오올리오파스타
오징어기름떡볶이,/recipe/list.html?q=오징어기름떡볶이
식빵푸딩,/recipe/list.html?q=식빵푸딩
땅콩아몬드쿠키,/recipe/list.html?q=땅콩아몬드쿠키
치즈계란빵,/recipe/list.html?q=치즈계란빵
초콜렛아몬드쿠키,/recipe/list.html?q=초콜렛아몬드쿠키
아이싱쿠키,/recipe/list.html?q=아이싱쿠키
새우파스타샐러드,/recipe/list.html?q=새우파스타샐러드
흑설탕카스테라,/recipe/list.html?q=흑설탕카스테라
소불고기피자,/recipe/list.html?q=소불고기피자
그릭요거트산딸기케이크,/recipe/list.html?q=그릭요거트산딸기케이크
라이스페이퍼떡볶이,/recipe/list.html?q=라이스페이퍼떡볶이
블루베리머핀,/recipe/list.html?q=블루베리머핀
계란샌드위치덮밥,/recipe/list.html?q=계란샌드위치덮밥
녹차버터쿠키,/recipe/list.html?q=녹차버터쿠키
구운가지토마토파스타,/recipe/list.html?q=구운가지토마토파스타
체리치즈케이크,/recipe/list.html?q=체리치즈케이크
하트쌀롤케이크,/recipe/list.html?q=하트쌀롤케이크
땅콩버터바나나토스트,/recipe/list.html?q=땅콩버터바나나토스트
해산물로제파스타,/recipe/list.html?q=해산물로제파스타
어묵고구마피자,/recipe/list.html?q=어묵고구마피자
바질페스토푸실리파스타,/recipe/list.html?q=바질페스토푸실리파스타
스팸계란토스트,/recipe/list.html?q=스팸계란토스트
녹차컵케이크,/recipe/list.html?q=녹차컵케이크
아보카도냉파스타,/recipe/list.html?q=아보카도냉파스타
김치비빔국수양념장,/recipe/list.html?q=김치비빔국수양념장
핫케이크핫도그,/recipe/list.html?q=핫케이크핫도그
양배추샐러드사라다빵,/recipe/list.html?q=양배추샐러드사라다빵
더블초코쇼트브레드,/recipe/list.html?q=더블초코쇼트브레드
김치비빔칼국수,/recipe/list.html?q=김치비빔칼국수
찹쌀감자수제비,/recipe/list.html?q=찹쌀감자수제비
멍게감자수제비,/recipe/list.html?q=멍게감자수제비
녹두빈대떡오픈샌드위치,/recipe/list.html?q=녹두빈대떡오픈샌드위치
골뱅이오이비빔국수,/recipe/list.html?q=골뱅이오이비빔국수
바지락가지피자,/recipe/list.html?q=바지락가지피자
새우모닝피자빵,/recipe/list.html?q=새우모닝피자빵
쌀카스테라,/recipe/list.html?q=쌀카스테라
펜네로제스파게티,/recipe/list.html?q=펜네로제스파게티
소보로아몬드머핀,/recipe/list.html?q=소보로아몬드머핀
흑마늘미역수제비,/recipe/list.html?q=흑마늘미역수제비
해물파스타샐러드,/recipe/list.html?q=해물파스타샐러드
인절미만두피호떡,/recipe/list.html?q=인절미만두피호떡
젤리롤케이크,/recipe/list.html?q=젤리롤케이크
감자크림떡볶이,/recipe/list.html?q=감자크림떡볶이
모카호두머핀,/recipe/list.html?q=모카호두머핀
쑥크림고등어파스타,/recipe/list.html?q=쑥크림고등어파스타
감자피자그라탕,/recipe/list.html?q=감자피자그라탕
야채수제비,/recipe/list.html?q=야채수제비
초코케이크,/recipe/list.html?q=초코케이크
컵계란빵,/recipe/list.html?q=컵계란빵
단호박초코칩머핀,/recipe/list.html?q=단호박초코칩머핀
고구마달걀토스트,/recipe/list.html?q=고구마달걀토스트
붕어빵데우기,/recipe/list.html?q=붕어빵데우기
크림해물스파게티,/recipe/list.html?q=크림해물스파게티
홍삼호두스콘,/recipe/list.html?q=홍삼호두스콘
우유치즈떡볶이,/recipe/list.html?q=우유치즈떡볶이
케일김치비빔국수,/recipe/list.html?q=케일김치비빔국수
푸실리파스타,/recipe/list.html?q=푸실리파스타
날치알토마토스파게티,/recipe/list.html?q=날치알토마토스파게티
우동치즈스파게티,/recipe/list.html?q=우동치즈스파게티
커피바스크치즈케이크,/recipe/list.html?q=커피바스크치즈케이크
시나몬초코머핀,/recipe/list.html?q=시나몬초코머핀
누들로제떡볶이,/recipe/list.html?q=누들로제떡볶이
오트밀버터쿠키,/recipe/list.html?q=오트밀버터쿠키
브로콜리마늘빵,/recipe/list.html?q=브로콜리마늘빵
꿀호떡만두,/recipe/list.html?q=꿀호떡만두
낫또오픈토스트,/recipe/list.html?q=낫또오픈토스트
오트밀쿠키아이스크림,/recipe/list.html?q=오트밀쿠키아이스크림
펜네파스타꼬치,/recipe/list.html?q=펜네파스타꼬치
치즈식빵,/recipe/list.html?q=치즈식빵
시리얼초코칩쿠키,/recipe/list.html?q=시리얼초코칩쿠키
콩나물비빔국수,/recipe/list.html?q=콩나물비빔국수
꿀호떡프렌치토스트,/recipe/list.html?q=꿀호떡프렌치토스트
쇼트브레드쿠키,/recipe/list.html?q=쇼트브레드쿠키
찹쌀감자꿀호떡,/recipe/list.html?q=찹쌀감자꿀호떡
닭가슴살푸실리냉파스타,/recipe/list.html?q=닭가슴살푸실리냉파스타
카라멜허니브레드,/recipe/list.html?q=카라멜허니브레드
바나나케이크,/recipe/list.html?q=바나나케이크
떠먹는고구마피자,/recipe/list.html?q=떠먹는고구마피자
노오븐딸기케이크,/recipe/list.html?q=노오븐딸기케이크
마블크림치즈브라우니,/recipe/list.html?q=마블크림치즈브라우니
스트링치즈고구마피자,/recipe/list.html?q=스트링치즈고구마피자
양파핫도그빵,/recipe/list.html?q=양파핫도그빵
감자핫도그,/recipe/list.html?q=감자핫도그
치아씨드생크림모닝빵,/recipe/list.html?q=치아씨드생크림모닝빵
홀토마토파스타,/recipe/list.html?q=홀토마토파스타
터키브레드샌드위치,/recipe/list.html?q=터키브레드샌드위치
닭가슴살에그토스트,/recipe/list.html?q=닭가슴살에그토스트
카라멜바나나파운드케이크,/recipe/list.html?q=카라멜바나나파운드케이크
오픈달걀토스트,/recipe/list.html?q=오픈달걀토스트
꿀달걀토스트,/recipe/list.html?q=꿀달걀토스트
떠먹는감자피자,/recipe/list.html?q=떠먹는감자피자
길거리계란빵,/recipe/list.html?q=길거리계란빵
쌀마들렌,/recipe/list.html?q=쌀마들렌
아욱된장칼국수,/recipe/list.html?q=아욱된장칼국수
식빵러스크,/recipe/list.html?q=식빵러스크
인삼새싹김치비빔국수,/recipe/list.html?q=인삼새싹김치비빔국수
오이크림치즈토스트,/recipe/list.html?q=오이크림치즈토스트
토마토김치스파게티,/recipe/list.html?q=토마토김치스파게티
명란마요감자샐러드샌드위치,/recipe/list.html?q=명란마요감자샐러드샌드위치
풋고추새우칠리붕어빵,/recipe/list.html?q=풋고추새우칠리붕어빵
초코칩생크림케이크,/recipe/list.html?q=초코칩생크림케이크
초코롤프렌치토스트,/recipe/list.html?q=초코롤프렌치토스트
새우토마토오일스파게티,/recipe/list.html?q=새우토마토오일스파게티
고구마호떡,/recipe/list.html?q=고구마호떡
마늘간장떡볶이,/recipe/list.html?q=마늘간장떡볶이
치즈불고기피자,/recipe/list.html?q=치즈불고기피자
두부오픈샌드위치,/recipe/list.html?q=두부오픈샌드위치
햄치즈식빵롤,/recipe/list.html?q=햄치즈식빵롤
오일스파게티,/recipe/list.html?q=오일스파게티
콘치즈프렌치토스트,/recipe/list.html?q=콘치즈프렌치토스트
베이컨바질페스토파스타,/recipe/list.html?q=베이컨바질페스토파스타
리코타샐러드또띠아피자,/recipe/list.html?q=리코타샐러드또띠아피자
옥수수스콘,/recipe/list.html?q=옥수수스콘
콘치즈토스트,/recipe/list.html?q=콘치즈토스트
무화과오픈샌드위치,/recipe/list.html?q=무화과오픈샌드위치
바나나에그토스트,/recipe/list.html?q=바나나에그토스트
미니감자핫도그,/recipe/list.html?q=미니감자핫도그
애호박명란파스타,/recipe/list.html?q=애호박명란파스타
토마토봉골레스파게티,/recipe/list.html?q=토마토봉골레스파게티
단호박파스타샐러드,/recipe/list.html?q=단호박파스타샐러드
햄치즈달걀샌드위치,/recipe/list.html?q=햄치즈달걀샌드위치
비건아몬드쿠키,/recipe/list.html?q=비건아몬드쿠키
식빵러스크크림샌드,/recipe/list.html?q=식빵러스크크림샌드
오트밀초코쿠키,/recipe/list.html?q=오트밀초코쿠키
인절미치즈호떡,/recipe/list.html?q=인절미치즈호떡
김치칼국수,/recipe/list.html?q=김치칼국수
초코크로와상샌드위치,/recipe/list.html?q=초코크로와상샌드위치
참치모닝빵샌드위치,/recipe/list.html?q=참치모닝빵샌드위치
연유베이컨길거리토스트,/recipe/list.html?q=연유베이컨길거리토스트
베이컨크림파스타,/recipe/list.html?q=베이컨크림파스타
고구마핫도그,/recipe/list.html?q=고구마핫도그
고구마치즈머핀,/recipe/list.html?q=고구마치즈머핀
소고기토마토파스타,/recipe/list.html?q=소고기토마토파스타
대파국물떡볶이,/recipe/list.html?q=대파국물떡볶이
크림치즈스파게티,/recipe/list.html?q=크림치즈스파게티
사과고구마빵,/recipe/list.html?q=사과고구마빵
아보카도과카몰리에그마요샌드위치,/recipe/list.html?q=아보카도과카몰리에그마요샌드위치
통밀쿠키,/recipe/list.html?q=통밀쿠키
김치고추장스파게티,/recipe/list.html?q=김치고추장스파게티
해물토마토스파게티,/recipe/list.html?q=해물토마토스파게티
카레치즈오븐스파게티,/recipe/list.html?q=카레치즈오븐스파게티
호떡볶이,/recipe/list.html?q=호떡볶이
말차컵케이크,/recipe/list.html?q=말차컵케이크
두부피자,/recipe/list.html?q=두부피자
고구마딸기케이크,/recipe/list.html?q=고구마딸기케이크
양념게장기름떡볶이,/recipe/list.html?q=양념게장기름떡볶이
오이오픈샌드위치,/recipe/list.html?q=오이오픈샌드위치
에그마요샌드위치,/recipe/list.html?q=에그마요샌드위치
짜장치즈떡볶이,/recipe/list.html?q=짜장치즈떡볶이
초코딸기케이크,/recipe/list.html?q=초코딸기케이크
전자렌지계란빵,/recipe/list.html?q=전자렌지계란빵
날치알베이컨크림파스타,/recipe/list.html?q=날치알베이컨크림파스타
계란식빵핫도그,/recipe/list.html?q=계란식빵핫도그
대추단호박케이크,/recipe/list.html?q=대추단호박케이크
캐러멜바나나머핀,/recipe/list.html?q=캐러멜바나나머핀
통달걀샌드위치,/recipe/list.html?q=통달걀샌드위치
참치샌드위치,/recipe/list.html?q=참치샌드위치
고추장크림떡볶이,/recipe/list.html?q=고추장크림떡볶이
인삼땅콩쿠키,/recipe/list.html?q=인삼땅콩쿠키
비빔국수,/recipe/list.html?q=비빔국수
김치바지락칼국수,/recipe/list.html?q=김치바지락칼국수
오이명란크림치즈토스트,/recipe/list.html?q=오이명란크림치즈토스트
붕어빵,/recipe/list.html?q=붕어빵
체리초콜릿케이크,/recipe/list.html?q=체리초콜릿케이크
말차딸기케이크,/recipe/list.html?q=말차딸기케이크
캐러멜사과파운드케이크,/recipe/list.html?q=캐러멜사과파운드케이크
노오븐마늘빵,/recipe/list.html?q=노오븐마늘빵
마스카포네치즈식빵,/recipe/list.html?q=마스카포네치즈식빵
바지락칼국수,/recipe/list.html?q=바지락칼국수
토마토펜네파스타,/recipe/list.html?q=토마토펜네파스타
아마씨초코쿠키,/recipe/list.html?q=아마씨초코쿠키
햄감자샌드위치,/recipe/list.html?q=햄감자샌드위치
소시지국물떡볶이,/recipe/list.html?q=소시지국물떡볶이
부추수제비,/recipe/list.html?q=부추수제비
마스카포네치즈스콘,/recipe/list.html?q=마스카포네치즈스콘
부추계란빵,/recipe/list.html?q=부추계란빵
새우로제파스타,/recipe/list.html?q=새우로제파스타
식빵팝콘,/recipe/list.html?q=식빵팝콘
새송이버섯궁중떡볶이,/recipe/list.html?q=새송이버섯궁중떡볶이
백골뱅이알리오올리오파스타,/recipe/list.html?q=백골뱅이알리오올리오파스타
산타리버섯들깨소스냉파스타,/recipe/list.html?q=산타리버섯들깨소스냉파스타
고추장토마토스파게티,/recipe/list.html?q=고추장토마토스파게티
요거트팬케이크,/recipe/list.html?q=요거트팬케이크
요거트초코머핀,/recipe/list.html?q=요거트초코머핀
초코칩땅콩버터쿠키,/recipe/list.html?q=초코칩땅콩버터쿠키
버섯크림파스타,/recipe/list.html?q=버섯크림파스타
부라타토마토파스타,/recipe/list.html?q=부라타토마토파스타
돼지고기간장비빔국수,/recipe/list.html?q=돼지고기간장비빔국수
순두부잔치국수,/recipe/list.html?q=순두부잔치국수
부추식빵피자,/recipe/list.html?q=부추식빵피자
어묵된장칼국수,/recipe/list.html?q=어묵된장칼국수
단호박파운드케이크,/recipe/list.html?q=단호박파운드케이크
오레오초코브라우니,/recipe/list.html?q=오레오초코브라우니
배추잔치국수,/recipe/list.html?q=배추잔치국수
오트밀땅콩버터쿠키,/recipe/list.html?q=오트밀땅콩버터쿠키
오트밀고구마쿠키,/recipe/list.html?q=오트밀고구마쿠키
햄계란토스트,/recipe/list.html?q=햄계란토스트
치아바타피자빵,/recipe/list.html?q=치아바타피자빵
모닝빵햄버거,/recipe/list.html?q=모닝빵햄버거
단호박햄치즈샌드위치,/recipe/list.html?q=단호박햄치즈샌드위치
고양이머랭쿠키,/recipe/list.html?q=고양이머랭쿠키
고등어파스타,/recipe/list.html?q=고등어파스타
꿀호떡버거,/recipe/list.html?q=꿀호떡버거
시금치당근수제비,/recipe/list.html?q=시금치당근수제비
닭가슴살모닝빵샌드위치,/recipe/list.html?q=닭가슴살모닝빵샌드위치
베이컨에그샌드위치,/recipe/list.html?q=베이컨에그샌드위치
새우크림푸실리파스타,/recipe/list.html?q=새우크림푸실리파스타
꿀호떡빵,/recipe/list.html?q=꿀호떡빵
초콜릿당근머핀,/recipe/list.html?q=초콜릿당근머핀
치즈식빵토스트,/recipe/list.html?q=치즈식빵토스트
흑미우유식빵,/recipe/list.html?q=흑미우유식빵
파프리카소세지빵,/recipe/list.html?q=파프리카소세지빵
고구마컵케이크,/recipe/list.html?q=고구마컵케이크
미트치즈스파게티,/recipe/list.html?q=미트치즈스파게티
두부로제파스타,/recipe/list.html?q=두부로제파스타
토마토해물스파게티,/recipe/list.html?q=토마토해물스파게티
블루베리핫케이크,/recipe/list.html?q=블루베리핫케이크
다이제초코케이크,/recipe/list.html?q=다이제초코케이크
들기름떡볶이,/recipe/list.html?q=들기름떡볶이
새우아보카도오픈토스트,/recipe/list.html?q=새우아보카도오픈토스트
통밀브레드,/recipe/list.html?q=통밀브레드
게살에그샌드위치,/recipe/list.html?q=게살에그샌드위치
김치스파게티,/recipe/list.html?q=김치스파게티
생크림모카롤케이크,/recipe/list.html?q=생크림모카롤케이크
시금치새우계란피자,/recipe/list.html?q=시금치새우계란피자
딸기잼치즈스콘,/recipe/list.html?q=딸기잼치즈스콘
초코롤케이크,/recipe/list.html?q=초코롤케이크
계란샌드위치,/recipe/list.html?q=계란샌드위치
단팥빵,/recipe/list.html?q=단팥빵
또띠아고르곤졸라피자,/recipe/list.html?q=또띠아고르곤졸라피자
닭고기카레떡볶이,/recipe/list.html?q=닭고기카레떡볶이
감자채컵밥피자,/recipe/list.html?q=감자채컵밥피자
바나나핫케이크,/recipe/list.html?q=바나나핫케이크
쇠고기간장비빔국수,/recipe/list.html?q=쇠고기간장비빔국수
로투스땅콩쿠키,/recipe/list.html?q=로투스땅콩쿠키
양파토마토파스타,/recipe/list.html?q=양파토마토파스타
크림치즈단팥빵,/recipe/list.html?q=크림치즈단팥빵
만두피들깨수제비,/recipe/list.html?q=만두피들깨수제비
당면간장떡볶이,/recipe/list.html?q=당면간장떡볶이
오징어링밥피자,/recipe/list.html?q=오징어링밥피자
김치메밀비빔국수,/recipe/list.html?q=김치메밀비빔국수
크림밀크브레드푸딩,/recipe/list.html?q=크림밀크브레드푸딩
해바라기씨생크림식빵,/recipe/list.html?q=해바라기씨생크림식빵
티라미수컵케이크,/recipe/list.html?q=티라미수컵케이크
무채김치비빔국수,/recipe/list.html?q=무채김치비빔국수
열무비빔국수양념장,/recipe/list.html?q=열무비빔국수양념장
치즈감자샌드위치,/recipe/list.html?q=치즈감자샌드위치
초코마들렌,/recipe/list.html?q=초코마들렌
로제새우스파게티,/recipe/list.html?q=로제새우스파게티
불닭크림떡볶이,/recipe/list.html?q=불닭크림떡볶이
고구마빵,/recipe/list.html?q=고구마빵
참나물명란파스타,/recipe/list.html?q=참나물명란파스타
오레오크림치즈마들렌,/recipe/list.html?q=오레오크림치즈마들렌
초코칩크림치즈컵케이크,/recipe/list.html?q=초코칩크림치즈컵케이크
펜네샐러드파스타,/recipe/list.html?q=펜네샐러드파스타
머랭딸기케이크,/recipe/list.html?q=머랭딸기케이크
사과계란피자,/recipe/list.html?q=사과계란피자
가래떡미트스파게티,/recipe/list.html?q=가래떡미트스파게티
고추장까르보나라떡볶이,/recipe/list.html?q=고추장까르보나라떡볶이
오렌지생크림롤케이크,/recipe/list.html?q=오렌지생크림롤케이크
황치즈스콘,/recipe/list.html?q=황치즈스콘
김치오일파스타,/recipe/list.html?q=김치오일파스타
해물스파게티,/recipe/list.html?q=해물스파게티
고구마초코케이크,/recipe/list.html?q=고구마초코케이크
두부김치떡볶이,/recipe/list.html?q=두부김치떡볶이
열무비빔국수,/recipe/list.html?q=열무비빔국수
식빵마늘빵,/recipe/list.html?q=식빵마늘빵
호두머랭쿠키,/recipe/list.html?q=호두머랭쿠키
코코넛초코머핀,/recipe/list.html?q=코코넛초코머핀
미니팬케이크,/recipe/list.html?q=미니팬케이크
바나나호두초코칩머핀,/recipe/list.html?q=바나나호두초코칩머핀
붕어빵와플,/recipe/list.html?q=붕어빵와플
피자호떡,/recipe/list.html?q=피자호떡
연어시금치크림파스타,/recipe/list.html?q=연어시금치크림파스타
소보로밤식빵,/recipe/list.html?q=소보로밤식빵
스팸모닝빵햄버거,/recipe/list.html?q=스팸모닝빵햄버거
블루베리또띠아피자,/recipe/list.html?q=블루베리또띠아피자
계란프렌치토스트,/recipe/list.html?q=계란프렌치토스트
모닝빵샌드위치,/recipe/list.html?q=모닝빵샌드위치
브리치즈치아바타샌드위치,/recipe/list.html?q=브리치즈치아바타샌드위치
감자바지락수제비,/recipe/list.html?q=감자바지락수제비
닭가슴살모닝빵버거,/recipe/list.html?q=닭가슴살모닝빵버거
갈릭고르곤졸라피자,/recipe/list.html?q=갈릭고르곤졸라피자
마시멜로우초코쿠키,/recipe/list.html?q=마시멜로우초코쿠키
견과류와플,/recipe/list.html?q=견과류와플
마늘빵샌드위치,/recipe/list.html?q=마늘빵샌드위치
양미리알명란파스타,/recipe/list.html?q=양미리알명란파스타
갈릭크림떡볶이,/recipe/list.html?q=갈릭크림떡볶이
빨간어묵떡볶이,/recipe/list.html?q=빨간어묵떡볶이
계란피자,/recipe/list.html?q=계란피자
베이컨김치스파게티,/recipe/list.html?q=베이컨김치스파게티
마카로니감자샌드위치,/recipe/list.html?q=마카로니감자샌드위치
구운토마토냉파스타,/recipe/list.html?q=구운토마토냉파스타
토마토비빔국수,/recipe/list.html?q=토마토비빔국수
호두초코머핀,/recipe/list.html?q=호두초코머핀
블루베리화이트초코쿠키,/recipe/list.html?q=블루베리화이트초코쿠키
가리비칼국수,/recipe/list.html?q=가리비칼국수
식빵딸기케이크,/recipe/list.html?q=식빵딸기케이크
크리스마스쿠키,/recipe/list.html?q=크리스마스쿠키
감자팬케이크,/recipe/list.html?q=감자팬케이크
딸기생크림케이크,/recipe/list.html?q=딸기생크림케이크
유자녹차파운드케이크,/recipe/list.html?q=유자녹차파운드케이크
햄야채모닝빵,/recipe/list.html?q=햄야채모닝빵
치즈파운드케이크,/recipe/list.html?q=치즈파운드케이크
스팸치즈크림떡볶이,/recipe/list.html?q=스팸치즈크림떡볶이
흑임자버터링쿠키,/recipe/list.html?q=흑임자버터링쿠키
애호박해물수제비,/recipe/list.html?q=애호박해물수제비
시금치소시지빵,/recipe/list.html?q=시금치소시지빵
건포도모카머핀,/recipe/list.html?q=건포도모카머핀
갈릭치즈브레드,/recipe/list.html?q=갈릭치즈브레드
식빵피자토스트,/recipe/list.html?q=식빵피자토스트
아몬드프렌치토스트,/recipe/list.html?q=아몬드프렌치토스트
찹쌀치즈스콘,/recipe/list.html?q=찹쌀치즈스콘
생크림호두스콘,/recipe/list.html?q=생크림호두스콘
만두장칼국수,/recipe/list.html?q=만두장칼국수
참치간장비빔국수,/recipe/list.html?q=참치간장비빔국수
체다치즈머핀,/recipe/list.html?q=체다치즈머핀
초코칩버터링쿠키,/recipe/list.html?q=초코칩버터링쿠키
스콘,/recipe/list.html?q=스콘
홍합볶음칼국수,/recipe/list.html?q=홍합볶음칼국수
메이플고구마파운드케이크,/recipe/list.html?q=메이플고구마파운드케이크
오레오초코머핀,/recipe/list.html?q=오레오초코머핀
홍합칼국수,/recipe/list.html?q=홍합칼국수
피넛버터초코칩머핀,/recipe/list.html?q=피넛버터초코칩머핀
딸기허니브레드,/recipe/list.html?q=딸기허니브레드
미니초코칩쿠키,/recipe/list.html?q=미니초코칩쿠키
크루아상계란샌드위치,/recipe/list.html?q=크루아상계란샌드위치
오트밀팬케이크,/recipe/list.html?q=오트밀팬케이크
궁중해물떡볶이,/recipe/list.html?q=궁중해물떡볶이
비트초콜릿케이크,/recipe/list.html?q=비트초콜릿케이크
떡국떡피자,/recipe/list.html?q=떡국떡피자
퍼지브라우니,/recipe/list.html?q=퍼지브라우니
바지락칼국수라면,/recipe/list.html?q=바지락칼국수라면
탕종단팥빵,/recipe/list.html?q=탕종단팥빵
초코쿠키,/recipe/list.html?q=초코쿠키
초콜렛브라우니,/recipe/list.html?q=초콜렛브라우니
치즈식빵카나페,/recipe/list.html?q=치즈식빵카나페
된장해물수제비,/recipe/list.html?q=된장해물수제비
건포도오트밀쿠키,/recipe/list.html?q=건포도오트밀쿠키
달걀토스트식빵피자,/recipe/list.html?q=달걀토스트식빵피자
생크림초코칩머핀,/recipe/list.html?q=생크림초코칩머핀
통밀오트밀쿠키,/recipe/list.html?q=통밀오트밀쿠키
호두치즈파운드케이크,/recipe/list.html?q=호두치즈파운드케이크
근대감자된장수제비,/recipe/list.html?q=근대감자된장수제비
잡채호떡,/recipe/list.html?q=잡채호떡
간장떡볶이,/recipe/list.html?q=간장떡볶이
버터링쿠키,/recipe/list.html?q=버터링쿠키
붕어빵푸딩,/recipe/list.html?q=붕어빵푸딩
생크림단팥빵,/recipe/list.html?q=생크림단팥빵
바나나초코머핀,/recipe/list.html?q=바나나초코머핀
포도크림치즈토스트,/recipe/list.html?q=포도크림치즈토스트
호두통밀식빵,/recipe/list.html?q=호두통밀식빵
해산물봉골레파스타,/recipe/list.html?q=해산물봉골레파스타
떠먹는떡피자,/recipe/list.html?q=떠먹는떡피자
바나나고구마빵,/recipe/list.html?q=바나나고구마빵
포도비빔칼국수,/recipe/list.html?q=포도비빔칼국수
코코넛파운드케이크,/recipe/list.html?q=코코넛파운드케이크
미트볼파스타,/recipe/list.html?q=미트볼파스타
바닐라초코쿠키,/recipe/list.html?q=바닐라초코쿠키
초코케이크도넛,/recipe/list.html?q=초코케이크도넛
말차마들렌,/recipe/list.html?q=말차마들렌
두부팬케이크,/recipe/list.html?q=두부팬케이크
단호박두부팬케이크,/recipe/list.html?q=단호박두부팬케이크
크랜베리초코스콘,/recipe/list.html?q=크랜베리초코스콘
미니핫도그,/recipe/list.html?q=미니핫도그
아이스크림벨기에와플,/recipe/list.html?q=아이스크림벨기에와플
크림치즈계란토스트,/recipe/list.html?q=크림치즈계란토스트
생치즈머핀,/recipe/list.html?q=생치즈머핀
돈까스클럽샌드위치,/recipe/list.html?q=돈까스클럽샌드위치
명란마늘빵,/recipe/list.html?q=명란마늘빵
초코검은깨버터링쿠키,/recipe/list.html?q=초코검은깨버터링쿠키
호두버터쿠키,/recipe/list.html?q=호두버터쿠키
양파소시지식빵핫도그,/recipe/list.html?q=양파소시지식빵핫도그
호두치즈머핀,/recipe/list.html?q=호두치즈머핀
펜네파스타,/recipe/list.html?q=펜네파스타
리코타치즈팬케이크,/recipe/list.html?q=리코타치즈팬케이크
초콜릿쇼트브레드,/recipe/list.html?q=초콜릿쇼트브레드
고추간장비빔국수,/recipe/list.html?q=고추간장비빔국수
카스테라케이크,/recipe/list.html?q=카스테라케이크
납작당면떡볶이,/recipe/list.html?q=납작당면떡볶이
주꾸미크림스파게티,/recipe/list.html?q=주꾸미크림스파게티
어묵크로와상샌드위치,/recipe/list.html?q=어묵크로와상샌드위치
감자계란치즈모닝빵샌드위치,/recipe/list.html?q=감자계란치즈모닝빵샌드위치
닭가슴살식빵피자,/recipe/list.html?q=닭가슴살식빵피자
쟁반메밀비빔국수,/recipe/list.html?q=쟁반메밀비빔국수
오레오초코롤케이크,/recipe/list.html?q=오레오초코롤케이크
프레첼머랭쿠키,/recipe/list.html?q=프레첼머랭쿠키
시리얼프렌치토스트,/recipe/list.html?q=시리얼프렌치토스트
짜장떡볶이,/recipe/list.html?q=짜장떡볶이
단호박밥피자,/recipe/list.html?q=단호박밥피자
허니초코머핀,/recipe/list.html?q=허니초코머핀
바게트달걀토스트,/recipe/list.html?q=바게트달걀토스트
단호박초코쿠키,/recipe/list.html?q=단호박초코쿠키
로제스파게티소스,/recipe/list.html?q=로제스파게티소스
딸기잼오트밀쿠키바,/recipe/list.html?q=딸기잼오트밀쿠키바
만두피컵밥피자,/recipe/list.html?q=만두피컵밥피자
사과당근머핀,/recipe/list.html?q=사과당근머핀
새우김치칼국수,/recipe/list.html?q=새우김치칼국수
참나물소고기알리오올리오파스타,/recipe/list.html?q=참나물소고기알리오올리오파스타
닭가슴살샐러드파스타,/recipe/list.html?q=닭가슴살샐러드파스타
견과류초코칩머핀,/recipe/list.html?q=견과류초코칩머핀
불고기피자,/recipe/list.html?q=불고기피자
롱소시지빵,/recipe/list.html?q=롱소시지빵
와플피자,/recipe/list.html?q=와플피자
김장김치비빔국수,/recipe/list.html?q=김장김치비빔국수
후르츠쌀마들렌,/recipe/list.html?q=후르츠쌀마들렌
허니브레드,/recipe/list.html?q=허니브레드
핫도그계란피자,/recipe/list.html?q=핫도그계란피자
녹차초코쿠키슈,/recipe/list.html?q=녹차초코쿠키슈
호떡팬케이크,/recipe/list.html?q=호떡팬케이크
고추장냉파스타,/recipe/list.html?q=고추장냉파스타
크로와상감자샌드위치,/recipe/list.html?q=크로와상감자샌드위치
식빵컵계란빵,/recipe/list.html?q=식빵컵계란빵
차돌된장칼국수,/recipe/list.html?q=차돌된장칼국수
애호박새우냉파스타,/recipe/list.html?q=애호박새우냉파스타
아보카도에그샌드위치,/recipe/list.html?q=아보카도에그샌드위치
또띠아고구마피자,/recipe/list.html?q=또띠아고구마피자
감자와플,/recipe/list.html?q=감자와플
당근호두머핀,/recipe/list.html?q=당근호두머핀
생크림핫케이크,/recipe/list.html?q=생크림핫케이크
생크림스콘,/recipe/list.html?q=생크림스콘
로티니콜드샐러드파스타,/recipe/list.html?q=로티니콜드샐러드파스타
떠먹는식빵피자,/recipe/list.html?q=떠먹는식빵피자
고구마피자보트,/recipe/list.html?q=고구마피자보트
통밀호두생크림식빵,/recipe/list.html?q=통밀호두생크림식빵
두부해물크림파스타,/recipe/list.html?q=두부해물크림파스타
불고기크림파스타,/recipe/list.html?q=불고기크림파스타
핫케이크도너츠,/recipe/list.html?q=핫케이크도너츠
블루베리크림치즈컵케이크,/recipe/list.html?q=블루베리크림치즈컵케이크
아이스크림호떡,/recipe/list.html?q=아이스크림호떡
수제땅콩쿠키,/recipe/list.html?q=수제땅콩쿠키
초코바나나브레드,/recipe/list.html?q=초코바나나브레드
견과류고구마쿠키,/recipe/list.html?q=견과류고구마쿠키
야채치아바타샌드위치,/recipe/list.html?q=야채치아바타샌드위치
피칸통밀쿠키,/recipe/list.html?q=피칸통밀쿠키
견과류고구마빵,/recipe/list.html?q=견과류고구마빵
크랜베리얼그레이쿠키,/recipe/list.html?q=크랜베리얼그레이쿠키
쉬림프알리오올리오파스타,/recipe/list.html?q=쉬림프알리오올리오파스타
엔초비만두피피자,/recipe/list.html?q=엔초비만두피피자
떠먹는석류연어밥피자,/recipe/list.html?q=떠먹는석류연어밥피자
고구마케이크,/recipe/list.html?q=고구마케이크
포켓에그샌드위치,/recipe/list.html?q=포켓에그샌드위치
된장크림파스타,/recipe/list.html?q=된장크림파스타
너비아니궁중떡볶이,/recipe/list.html?q=너비아니궁중떡볶이
훈제닭가슴살샌드위치,/recipe/list.html?q=훈제닭가슴살샌드위치
미니당근케이크,/recipe/list.html?q=미니당근케이크
애호박토마토파스타,/recipe/list.html?q=애호박토마토파스타
치즈생크림스콘,/recipe/list.html?q=치즈생크림스콘
옥수수계란피자,/recipe/list.html?q=옥수수계란피자
생크림쌀카스테라,/recipe/list.html?q=생크림쌀카스테라
식빵고르곤졸라피자,/recipe/list.html?q=식빵고르곤졸라피자
블루베리고구마쿠키,/recipe/list.html?q=블루베리고구마쿠키
홍합토마토파스타,/recipe/list.html?q=홍합토마토파스타
햄오일파스타,/recipe/list.html?q=햄오일파스타
검은깨치즈쿠키,/recipe/list.html?q=검은깨치즈쿠키
소세지어묵떡볶이,/recipe/list.html?q=소세지어묵떡볶이
토마토푸실리파스타,/recipe/list.html?q=토마토푸실리파스타
미트볼치즈오븐스파게티,/recipe/list.html?q=미트볼치즈오븐스파게티
크림치즈컵케이크,/recipe/list.html?q=크림치즈컵케이크
사과식빵푸딩,/recipe/list.html?q=사과식빵푸딩
산딸기치즈케이크,/recipe/list.html?q=산딸기치즈케이크
산딸기케이크,/recipe/list.html?q=산딸기케이크
잉글리쉬머핀샌드위치,/recipe/list.html?q=잉글리쉬머핀샌드위치
계란치즈토스트,/recipe/list.html?q=계란치즈토스트
야채모닝빵,/recipe/list.html?q=야채모닝빵
식빵불고기피자,/recipe/list.html?q=식빵불고기피자
시리얼토스트,/recipe/list.html?q=시리얼토스트
소시지간장떡볶이,/recipe/list.html?q=소시지간장떡볶이
미역사골된장칼국수,/recipe/list.html?q=미역사골된장칼국수
롤리팝버터링쿠키,/recipe/list.html?q=롤리팝버터링쿠키
생크림아몬드쿠키,/recipe/list.html?q=생크림아몬드쿠키
초코브라우니,/recipe/list.html?q=초코브라우니
원팬새우토마토파스타,/recipe/list.html?q=원팬새우토마토파스타
크래미오이샐러드베이글샌드위치,/recipe/list.html?q=크래미오이샐러드베이글샌드위치
치즈감자샐러드샌드위치,/recipe/list.html?q=치즈감자샐러드샌드위치
해물오일파스타,/recipe/list.html?q=해물오일파스타
명란젓크림스파게티,/recipe/list.html?q=명란젓크림스파게티
바지락비빔수제비,/recipe/list.html?q=바지락비빔수제비
유니짜장칼국수,/recipe/list.html?q=유니짜장칼국수
바나나크랜베리스콘,/recipe/list.html?q=바나나크랜베리스콘
체리초코컵케이크,/recipe/list.html?q=체리초코컵케이크
아몬드파운드케이크,/recipe/list.html?q=아몬드파운드케이크
크랜베리닭가슴살샌드위치,/recipe/list.html?q=크랜베리닭가슴살샌드위치
뉴욕치즈케이크,/recipe/list.html?q=뉴욕치즈케이크
삼겹살명란파스타,/recipe/list.html?q=삼겹살명란파스타
꿀호떡피자,/recipe/list.html?q=꿀호떡피자
연어샐러드파스타,/recipe/list.html?q=연어샐러드파스타
사과파운드케이크,/recipe/list.html?q=사과파운드케이크
닭가슴살치아바타샌드위치,/recipe/list.html?q=닭가슴살치아바타샌드위치
코코아아몬드쿠키,/recipe/list.html?q=코코아아몬드쿠키
호두단팥빵,/recipe/list.html?q=호두단팥빵
소보루초코머핀,/recipe/list.html?q=소보루초코머핀
바질페스토크림파스타,/recipe/list.html?q=바질페스토크림파스타
토마토소시지오일파스타,/recipe/list.html?q=토마토소시지오일파스타
파마산치즈쿠키,/recipe/list.html?q=파마산치즈쿠키
머랭쿠키딸기케이크,/recipe/list.html?q=머랭쿠키딸기케이크
쉬림프로제파스타,/recipe/list.html?q=쉬림프로제파스타
오징어먹물소세지빵,/recipe/list.html?q=오징어먹물소세지빵
야채커리볶음밥피자,/recipe/list.html?q=야채커리볶음밥피자
시금치들깨수제비,/recipe/list.html?q=시금치들깨수제비
춘권피감자피자,/recipe/list.html?q=춘권피감자피자
바나나모카머핀,/recipe/list.html?q=바나나모카머핀
들깨크림스파게티,/recipe/list.html?q=들깨크림스파게티
피자빵샌드위치,/recipe/list.html?q=피자빵샌드위치
새우크림파스타,/recipe/list.html?q=새우크림파스타
아몬드쿠키,/recipe/list.html?q=아몬드쿠키
마들렌,/recipe/list.html?q=마들렌
트리머랭쿠키,/recipe/list.html?q=트리머랭쿠키
고추장칼국수,/recipe/list.html?q=고추장칼국수
체리생크림케이크,/recipe/list.html?q=체리생크림케이크
유자스콘,/recipe/list.html?q=유자스콘
햄치즈식빵,/recipe/list.html?q=햄치즈식빵
바게트오픈샌드위치,/recipe/list.html?q=바게트오픈샌드위치
고추장카레떡볶이,/recipe/list.html?q=고추장카레떡볶이
김치볶음밥피자,/recipe/list.html?q=김치볶음밥피자
식빵딸기생크림롤케이크,/recipe/list.html?q=식빵딸기생크림롤케이크
망고치즈케이크,/recipe/list.html?q=망고치즈케이크
소보로초코칩머핀,/recipe/list.html?q=소보로초코칩머핀
브라우니타르트,/recipe/list.html?q=브라우니타르트
치즈스콘,/recipe/list.html?q=치즈스콘
밀크아몬드머핀,/recipe/list.html?q=밀크아몬드머핀
베이컨치즈치아바타샌드위치,/recipe/list.html?q=베이컨치즈치아바타샌드위치
갈릭허니브레드,/recipe/list.html?q=갈릭허니브레드
카스테라,/recipe/list.html?q=카스테라
해물크림파스타,/recipe/list.html?q=해물크림파스타
멸치육수잔치국수,/recipe/list.html?q=멸치육수잔치국수
햄치즈양배추샌드위치,/recipe/list.html?q=햄치즈양배추샌드위치
사과치즈떡볶이,/recipe/list.html?q=사과치즈떡볶이
복숭아브레드푸딩,/recipe/list.html?q=복숭아브레드푸딩
롤케이크,/recipe/list.html?q=롤케이크
노오븐브라우니,/recipe/list.html?q=노오븐브라우니
마늘빵콘치즈토스트,/recipe/list.html?q=마늘빵콘치즈토스트
호두브라우니,/recipe/list.html?q=호두브라우니
달걀샌드위치,/recipe/list.html?q=달걀샌드위치
김치얼큰수제비,/recipe/list.html?q=김치얼큰수제비
브라우니빼빼로,/recipe/list.html?q=브라우니빼빼로
아몬드초코쿠키,/recipe/list.html?q=아몬드초코쿠키
소시지냉파스타,/recipe/list.html?q=소시지냉파스타
토마토미트볼스파게티,/recipe/list.html?q=토마토미트볼스파게티
인삼씨앗호떡쿠키,/recipe/list.html?q=인삼씨앗호떡쿠키
김치감자수제비,/recipe/list.html?q=김치감자수제비
찬밥피자,/recipe/list.html?q=찬밥피자
잔치국수양념장,/recipe/list.html?q=잔치국수양념장
브리치즈크림스파게티,/recipe/list.html?q=브리치즈크림스파게티
두부양배추샌드위치,/recipe/list.html?q=두부양배추샌드위치
오트밀바나나팬케이크,/recipe/list.html?q=오트밀바나나팬케이크
노오븐당근케이크,/recipe/list.html?q=노오븐당근케이크
호두스콘,/recipe/list.html?q=호두스콘
팥와플,/recipe/list.html?q=팥와플
카레수제비,/recipe/list.html?q=카레수제비
홍합바질페스토파스타,/recipe/list.html?q=홍합바질페스토파스타
초코프레첼머랭쿠키,/recipe/list.html?q=초코프레첼머랭쿠키
버섯크림스파게티,/recipe/list.html?q=버섯크림스파게티
모카크림치즈컵케이크,/recipe/list.html?q=모카크림치즈컵케이크
오이비빔국수,/recipe/list.html?q=오이비빔국수
차돌간장떡볶이,/recipe/list.html?q=차돌간장떡볶이
모짜렐라치즈토스트,/recipe/list.html?q=모짜렐라치즈토스트
석류파스타샐러드,/recipe/list.html?q=석류파스타샐러드
참치계란토스트,/recipe/list.html?q=참치계란토스트
딸기잼아몬드쿠키,/recipe/list.html?q=딸기잼아몬드쿠키
조랭이기름떡볶이,/recipe/list.html?q=조랭이기름떡볶이
오레오브라우니,/recipe/list.html?q=오레오브라우니
닭가슴살치즈떡볶이,/recipe/list.html?q=닭가슴살치즈떡볶이
소시지핫도그,/recipe/list.html?q=소시지핫도그
치킨냉파스타,/recipe/list.html?q=치킨냉파스타
딸기초코칩머핀,/recipe/list.html?q=딸기초코칩머핀
참치오픈샌드위치,/recipe/list.html?q=참치오픈샌드위치
허니버터식빵러스크,/recipe/list.html?q=허니버터식빵러스크
통밀나폴리탄스파게티,/recipe/list.html?q=통밀나폴리탄스파게티
모닝빵,/recipe/list.html?q=모닝빵
식혜떡볶이,/recipe/list.html?q=식혜떡볶이
단호박모닝빵샌드위치,/recipe/list.html?q=단호박모닝빵샌드위치
연어아보카도샌드위치,/recipe/list.html?q=연어아보카도샌드위치
과일생크림케이크,/recipe/list.html?q=과일생크림케이크
곶감크림치즈머핀,/recipe/list.html?q=곶감크림치즈머핀
깻잎페스토냉파스타,/recipe/list.html?q=깻잎페스토냉파스타
아보카도초코브라우니,/recipe/list.html?q=아보카도초코브라우니
가지불고기샌드위치,/recipe/list.html?q=가지불고기샌드위치
오징어먹물베이글샌드위치,/recipe/list.html?q=오징어먹물베이글샌드위치
새우고추장수제비,/recipe/list.html?q=새우고추장수제비
오일명란파스타,/recipe/list.html?q=오일명란파스타
양배추계란피자,/recipe/list.html?q=양배추계란피자
김치크림스파게티,/recipe/list.html?q=김치크림스파게티
떠먹는만두피자,/recipe/list.html?q=떠먹는만두피자
쑥된장칼국수,/recipe/list.html?q=쑥된장칼국수
계란양배추샌드위치,/recipe/list.html?q=계란양배추샌드위치
코코넛단팥빵,/recipe/list.html?q=코코넛단팥빵
오징어먹물치즈식빵,/recipe/list.html?q=오징어먹물치즈식빵
소시지피자빵,/recipe/list.html?q=소시지피자빵
시금치계란피자,/recipe/list.html?q=시금치계란피자
대파치즈스콘,/recipe/list.html?q=대파치즈스콘
햄오픈샌드위치,/recipe/list.html?q=햄오픈샌드위치
마늘쫑봉골레파스타,/recipe/list.html?q=마늘쫑봉골레파스타
닭가슴살실곤약비빔국수,/recipe/list.html?q=닭가슴살실곤약비빔국수
참외비빔국수,/recipe/list.html?q=참외비빔국수
사라다모닝빵,/recipe/list.html?q=사라다모닝빵
소세지기름떡볶이,/recipe/list.html?q=소세지기름떡볶이
소보로단팥빵,/recipe/list.html?q=소보로단팥빵
민트생크림케이크,/recipe/list.html?q=민트생크림케이크
단호박벨기에와플,/recipe/list.html?q=단호박벨기에와플
우유크림파스타,/recipe/list.html?q=우유크림파스타
어묵식빵핫도그,/recipe/list.html?q=어묵식빵핫도그
얼큰김치수제비,/recipe/list.html?q=얼큰김치수제비
모카초코쿠키,/recipe/list.html?q=모카초코쿠키
김치해물칼국수,/recipe/list.html?q=김치해물칼국수
LA찹쌀마들렌,/recipe/list.html?q=LA찹쌀마들렌
콘브레드머핀,/recipe/list.html?q=콘브레드머핀
알리오올리오파스타,/recipe/list.html?q=알리오올리오파스타
에그베이컨치즈토스트,/recipe/list.html?q=에그베이컨치즈토스트
쑥마들렌,/recipe/list.html?q=쑥마들렌
토마토브레드푸딩,/recipe/list.html?q=토마토브레드푸딩
롤리팝머랭쿠키,/recipe/list.html?q=롤리팝머랭쿠키
고구마버터쿠키,/recipe/list.html?q=고구마버터쿠키
인삼감자샌드위치,/recipe/list.html?q=인삼감자샌드위치
녹차파운드케이크,/recipe/list.html?q=녹차파운드케이크
사워크림블루베리머핀,/recipe/list.html?q=사워크림블루베리머핀
베이컨김치떡볶이,/recipe/list.html?q=베이컨김치떡볶이
냉잔치국수,/recipe/list.html?q=냉잔치국수
오레오머랭쿠키,/recipe/list.html?q=오레오머랭쿠키
파운드케이크,/recipe/list.html?q=파운드케이크
식빵튀김,/recipe/list.html?q=식빵튀김
건자두호두머핀,/recipe/list.html?q=건자두호두머핀
딸기롤프렌치토스트,/recipe/list.html?q=딸기롤프렌치토스트
송이토마토오픈샌드위치,/recipe/list.html?q=송이토마토오픈샌드위치
양파베이컨치즈스콘,/recipe/list.html?q=양파베이컨치즈스콘
감자치즈밥핫도그,/recipe/list.html?q=감자치즈밥핫도그
새우감자피자,/recipe/list.html?q=새우감자피자
베이컨치아바타샌드위치,/recipe/list.html?q=베이컨치아바타샌드위치
애플프렌치토스트,/recipe/list.html?q=애플프렌치토스트
쿠키슈,/recipe/list.html?q=쿠키슈
소시지오일파스타,/recipe/list.html?q=소시지오일파스타
크림치즈또띠아피자,/recipe/list.html?q=크림치즈또띠아피자
콘킬리에파스타샐러드,/recipe/list.html?q=콘킬리에파스타샐러드
북어김치칼국수,/recipe/list.html?q=북어김치칼국수
봄동참치샌드위치,/recipe/list.html?q=봄동참치샌드위치
모닝빵달걀샌드위치,/recipe/list.html?q=모닝빵달걀샌드위치
오트밀초코칩쿠키,/recipe/list.html?q=오트밀초코칩쿠키
흑임자바나나머핀,/recipe/list.html?q=흑임자바나나머핀
당면잔치국수,/recipe/list.html?q=당면잔치국수
두부계란샌드위치,/recipe/list.html?q=두부계란샌드위치
비빔수제비,/recipe/list.html?q=비빔수제비
오트밀바나나머핀,/recipe/list.html?q=오트밀바나나머핀
콘치즈계란피자,/recipe/list.html?q=콘치즈계란피자
무화과오픈토스트,/recipe/list.html?q=무화과오픈토스트
바나나초코칩머핀,/recipe/list.html?q=바나나초코칩머핀
시금치버섯비빔칼국수,/recipe/list.html?q=시금치버섯비빔칼국수
아보카도클럽샌드위치,/recipe/list.html?q=아보카도클럽샌드위치
쿠키컵케이크,/recipe/list.html?q=쿠키컵케이크
햄치즈샌드위치,/recipe/list.html?q=햄치즈샌드위치
배추계란토스트,/recipe/list.html?q=배추계란토스트
유자마들렌,/recipe/list.html?q=유자마들렌
파프리카참치샌드위치,/recipe/list.html?q=파프리카참치샌드위치
바나나초코케이크,/recipe/list.html?q=바나나초코케이크
해바라기씨버터쿠키,/recipe/list.html?q=해바라기씨버터쿠키
햄치즈토스트,/recipe/list.html?q=햄치즈토스트
호두초코쿠키,/recipe/list.html?q=호두초코쿠키
바지락닭칼국수,/recipe/list.html?q=바지락닭칼국수
단호박국물떡볶이,/recipe/list.html?q=단호박국물떡볶이
삶은계란샌드위치,/recipe/list.html?q=삶은계란샌드위치
찹쌀참붕어빵,/recipe/list.html?q=찹쌀참붕어빵
딸기크림치즈머핀,/recipe/list.html?q=딸기크림치즈머핀
가지또띠아피자,/recipe/list.html?q=가지또띠아피자
햄참치샌드위치,/recipe/list.html?q=햄참치샌드위치
당근라페치아바타샌드위치,/recipe/list.html?q=당근라페치아바타샌드위치
감자달걀토스트,/recipe/list.html?q=감자달걀토스트
김치토마토고추장스파게티,/recipe/list.html?q=김치토마토고추장스파게티
스위트콘미니핫도그,/recipe/list.html?q=스위트콘미니핫도그
새우토마토파스타,/recipe/list.html?q=새우토마토파스타
콩나물김치칼국수,/recipe/list.html?q=콩나물김치칼국수
한우불고기샌드위치,/recipe/list.html?q=한우불고기샌드위치
블루베리바나나파운드케이크,/recipe/list.html?q=블루베리바나나파운드케이크
불고기치아바타샌드위치,/recipe/list.html?q=불고기치아바타샌드위치
두부면명란파스타,/recipe/list.html?q=두부면명란파스타
동죽칼국수,/recipe/list.html?q=동죽칼국수
또띠아가지피자,/recipe/list.html?q=또띠아가지피자
감자잡채호떡,/recipe/list.html?q=감자잡채호떡
참치고추장수제비,/recipe/list.html?q=참치고추장수제비
사과베이글샌드위치,/recipe/list.html?q=사과베이글샌드위치
스팸에그샌드위치,/recipe/list.html?q=스팸에그샌드위치
모카식빵러스크,/recipe/list.html?q=모카식빵러스크
레드벨벳컵케이크,/recipe/list.html?q=레드벨벳컵케이크
바지락감자수제비,/recipe/list.html?q=바지락감자수제비
옥수수치즈핫도그,/recipe/list.html?q=옥수수치즈핫도그
오리불고기간장떡볶이,/recipe/list.html?q=오리불고기간장떡볶이
무화과잼초코스콘,/recipe/list.html?q=무화과잼초코스콘
토란들깨수제비,/recipe/list.html?q=토란들깨수제비
참치치즈토스트,/recipe/list.html?q=참치치즈토스트
배사과머핀,/recipe/list.html?q=배사과머핀
숙주바지락칼국수,/recipe/list.html?q=숙주바지락칼국수
버섯알리오올리오파스타,/recipe/list.html?q=버섯알리오올리오파스타
당면떡볶이,/recipe/list.html?q=당면떡볶이
달걀밥피자,/recipe/list.html?q=달걀밥피자
갈릭또띠아피자,/recipe/list.html?q=갈릭또띠아피자
브로콜리감자샐러드샌드위치,/recipe/list.html?q=브로콜리감자샐러드샌드위치
연어오픈샌드위치,/recipe/list.html?q=연어오픈샌드위치
딸기잼초코머핀,/recipe/list.html?q=딸기잼초코머핀
캐러멜넛츠머랭쿠키,/recipe/list.html?q=캐러멜넛츠머랭쿠키
크림푸실리파스타,/recipe/list.html?q=크림푸실리파스타
초코쇼트브레드,/recipe/list.html?q=초코쇼트브레드
돼지불고기당면떡볶이,/recipe/list.html?q=돼지불고기당면떡볶이
견과오트밀통밀쿠키,/recipe/list.html?q=견과오트밀통밀쿠키
콘치즈에그토스트,/recipe/list.html?q=콘치즈에그토스트
식빵츄러스,/recipe/list.html?q=식빵츄러스
통밀호두스콘,/recipe/list.html?q=통밀호두스콘
바나나초콜릿케이크,/recipe/list.html?q=바나나초콜릿케이크
현미오트밀쿠키,/recipe/list.html?q=현미오트밀쿠키
감말랭이호두스콘,/recipe/list.html?q=감말랭이호두스콘
코코넛아몬드쿠키,/recipe/list.html?q=코코넛아몬드쿠키
간장비빔국수,/recipe/list.html?q=간장비빔국수
오레오초코쿠키슈,/recipe/list.html?q=오레오초코쿠키슈
단호박또띠아피자,/recipe/list.html?q=단호박또띠아피자
바나나오트밀쿠키,/recipe/list.html?q=바나나오트밀쿠키
오레오머핀,/recipe/list.html?q=오레오머핀
명란까르보나라크림떡볶이,/recipe/list.html?q=명란까르보나라크림떡볶이
치아바타샌드위치,/recipe/list.html?q=치아바타샌드위치
고구마치즈식빵푸딩,/recipe/list.html?q=고구마치즈식빵푸딩
소세지계란샌드위치,/recipe/list.html?q=소세지계란샌드위치
시금치토마토식빵피자,/recipe/list.html?q=시금치토마토식빵피자
양배추토스트,/recipe/list.html?q=양배추토스트
통밀밤식빵,/recipe/list.html?q=통밀밤식빵
전복봉골레파스타,/recipe/list.html?q=전복봉골레파스타
갈릭치즈떡볶이,/recipe/list.html?q=갈릭치즈떡볶이
햄치즈프렌치토스트,/recipe/list.html?q=햄치즈프렌치토스트
민트초코케이크,/recipe/list.html?q=민트초코케이크
새우베이글샌드위치,/recipe/list.html?q=새우베이글샌드위치
홍합장칼국수,/recipe/list.html?q=홍합장칼국수
바질페스토오일스파게티,/recipe/list.html?q=바질페스토오일스파게티
캐러멜롤케이크,/recipe/list.html?q=캐러멜롤케이크
키위생크림롤케이크,/recipe/list.html?q=키위생크림롤케이크
생크림치즈스콘,/recipe/list.html?q=생크림치즈스콘
견과류와플빵,/recipe/list.html?q=견과류와플빵
명란로제파스타,/recipe/list.html?q=명란로제파스타
하트달걀토스트,/recipe/list.html?q=하트달걀토스트
김치말이소면잔치국수,/recipe/list.html?q=김치말이소면잔치국수
초코바나나롤케이크,/recipe/list.html?q=초코바나나롤케이크
두부빠네크림파스타,/recipe/list.html?q=두부빠네크림파스타
나가사키카스테라,/recipe/list.html?q=나가사키카스테라
요쿠르트치즈스콘,/recipe/list.html?q=요쿠르트치즈스콘
생크림롤케이크,/recipe/list.html?q=생크림롤케이크
클라우드에그토스트,/recipe/list.html?q=클라우드에그토스트
능이닭한마리칼국수,/recipe/list.html?q=능이닭한마리칼국수
크래미치아바타샌드위치,/recipe/list.html?q=크래미치아바타샌드위치
얼그레이스콘,/recipe/list.html?q=얼그레이스콘
간장크림떡볶이,/recipe/list.html?q=간장크림떡볶이
오장어볶음칼국수,/recipe/list.html?q=오장어볶음칼국수
무화과머랭쿠키,/recipe/list.html?q=무화과머랭쿠키
소금빵에그마요샌드위치,/recipe/list.html?q=소금빵에그마요샌드위치
오징어비빔칼국수,/recipe/list.html?q=오징어비빔칼국수
통밀치즈식빵,/recipe/list.html?q=통밀치즈식빵
또띠아달걀샌드위치,/recipe/list.html?q=또띠아달걀샌드위치
펜네파스타샐러드,/recipe/list.html?q=펜네파스타샐러드
연어깻잎오일스파게티,/recipe/list.html?q=연어깻잎오일스파게티
고구마딸기샌드위치,/recipe/list.html?q=고구마딸기샌드위치
토마토미트스파게티,/recipe/list.html?q=토마토미트스파게티
시금치명란크림파스타,/recipe/list.html?q=시금치명란크림파스타
파프리카해물스파게티,/recipe/list.html?q=파프리카해물스파게티
국물떡볶이,/recipe/list.html?q=국물떡볶이
바나나견과류와플,/recipe/list.html?q=바나나견과류와플
바지락알리오올리오파스타,/recipe/list.html?q=바지락알리오올리오파스타
브라우니케이크,/recipe/list.html?q=브라우니케이크
파인애플생크림케이크,/recipe/list.html?q=파인애플생크림케이크
우유식빵,/recipe/list.html?q=우유식빵
쇠고기간장떡볶이,/recipe/list.html?q=쇠고기간장떡볶이
해물떡볶이,/recipe/list.html?q=해물떡볶이
스크램블에그샌드위치,/recipe/list.html?q=스크램블에그샌드위치
크로와상사라다빵,/recipe/list.html?q=크로와상사라다빵
만두피수제비미역국,/recipe/list.html?q=만두피수제비미역국
감자콘치즈스콘,/recipe/list.html?q=감자콘치즈스콘
크림치즈호두머핀,/recipe/list.html?q=크림치즈호두머핀
크림치즈쇼트브레드쿠키,/recipe/list.html?q=크림치즈쇼트브레드쿠키
멀티그레인통밀쿠키,/recipe/list.html?q=멀티그레인통밀쿠키
차돌국물떡볶이,/recipe/list.html?q=차돌국물떡볶이
야끼카레칼국수,/recipe/list.html?q=야끼카레칼국수
크래미오이모닝빵샌드위치,/recipe/list.html?q=크래미오이모닝빵샌드위치
아몬드오트밀쿠키,/recipe/list.html?q=아몬드오트밀쿠키
블루베리호두스콘,/recipe/list.html?q=블루베리호두스콘
초코소보로바나나파운드케이크,/recipe/list.html?q=초코소보로바나나파운드케이크
대파베이컨치즈스콘,/recipe/list.html?q=대파베이컨치즈스콘
단호박햄치즈토스트,/recipe/list.html?q=단호박햄치즈토스트
크림치즈파운드케이크,/recipe/list.html?q=크림치즈파운드케이크
통밀밤파운드케이크,/recipe/list.html?q=통밀밤파운드케이크
아보카도샌드위치,/recipe/list.html?q=아보카도샌드위치
까르보나라모닝빵버거,/recipe/list.html?q=까르보나라모닝빵버거
식빵씨앗호떡,/recipe/list.html?q=식빵씨앗호떡
딸기바나나토스트,/recipe/list.html?q=딸기바나나토스트
해물크림스파게티,/recipe/list.html?q=해물크림스파게티
찹쌀호떡볼,/recipe/list.html?q=찹쌀호떡볼
소고기잔치국수,/recipe/list.html?q=소고기잔치국수
허브마늘빵,/recipe/list.html?q=허브마늘빵
마늘쫑명란오일파스타,/recipe/list.html?q=마늘쫑명란오일파스타
소세지김치수제비,/recipe/list.html?q=소세지김치수제비
블루베리브레드푸딩,/recipe/list.html?q=블루베리브레드푸딩
포테이토피자토스트,/recipe/list.html?q=포테이토피자토스트
베이컨모짜렐라치즈토스트,/recipe/list.html?q=베이컨모짜렐라치즈토스트
백김치식빵피자,/recipe/list.html?q=백김치식빵피자
아로니아바지락칼국수,/recipe/list.html?q=아로니아바지락칼국수
아보카도계란토스트,/recipe/list.html?q=아보카도계란토스트
들기름간장비빔국수,/recipe/list.html?q=들기름간장비빔국수
비엔나소시지핫도그,/recipe/list.html?q=비엔나소시지핫도그
통밀초코칩쿠키,/recipe/list.html?q=통밀초코칩쿠키
팥칼국수,/recipe/list.html?q=팥칼국수
베이컨롤에그토스트,/recipe/list.html?q=베이컨롤에그토스트
고구마수플레팬케이크,/recipe/list.html?q=고구마수플레팬케이크
당면국물떡볶이,/recipe/list.html?q=당면국물떡볶이
오렌지초코칩머핀,/recipe/list.html?q=오렌지초코칩머핀
나쵸치즈핫도그,/recipe/list.html?q=나쵸치즈핫도그
바지락들깨칼국수,/recipe/list.html?q=바지락들깨칼국수
무화과모닝빵샌드위치,/recipe/list.html?q=무화과모닝빵샌드위치
딸기치즈토스트,/recipe/list.html?q=딸기치즈토스트
초콜릿치즈케이크,/recipe/list.html?q=초콜릿치즈케이크
베이컨로제파스타,/recipe/list.html?q=베이컨로제파스타
크랜베리크림치즈쿠키,/recipe/list.html?q=크랜베리크림치즈쿠키
오레오크림치즈컵케이크,/recipe/list.html?q=오레오크림치즈컵케이크
명란오일파스타,/recipe/list.html?q=명란오일파스타
새우아보카도오픈샌드위치,/recipe/list.html?q=새우아보카도오픈샌드위치
새우고르곤졸라피자,/recipe/list.html?q=새우고르곤졸라피자
새우알리오올리오파스타,/recipe/list.html?q=새우알리오올리오파스타
호박고구마쿠키,/recipe/list.html?q=호박고구마쿠키
오징어토마토파스타,/recipe/list.html?q=오징어토마토파스타
매생이바지락칼국수,/recipe/list.html?q=매생이바지락칼국수
딸기와플,/recipe/list.html?q=딸기와플
치즈쿠키,/recipe/list.html?q=치즈쿠키
벚꽃아이싱쿠키,/recipe/list.html?q=벚꽃아이싱쿠키
마요네즈계란토스트,/recipe/list.html?q=마요네즈계란토스트
견과류계란토스트,/recipe/list.html?q=견과류계란토스트
오일파스타,/recipe/list.html?q=오일파스타
야채카스테라,/recipe/list.html?q=야채카스테라
찹쌀와플,/recipe/list.html?q=찹쌀와플
시래기된장수제비,/recipe/list.html?q=시래기된장수제비
마카롱고구마케이크,/recipe/list.html?q=마카롱고구마케이크
당근수제비,/recipe/list.html?q=당근수제비
바나나오픈토스트,/recipe/list.html?q=바나나오픈토스트
밥통치즈케이크,/recipe/list.html?q=밥통치즈케이크
우유버터봉골레파스타,/recipe/list.html?q=우유버터봉골레파스타
계란피자샌드위치,/recipe/list.html?q=계란피자샌드위치
쇠고기궁중떡볶이,/recipe/list.html?q=쇠고기궁중떡볶이
가지버섯푸실리파스타,/recipe/list.html?q=가지버섯푸실리파스타
키토슈크림붕어빵,/recipe/list.html?q=키토슈크림붕어빵
가래떡기름떡볶이,/recipe/list.html?q=가래떡기름떡볶이
식빵고구마피자,/recipe/list.html?q=식빵고구마피자
달걀만두피자,/recipe/list.html?q=달걀만두피자
게살모닝빵샌드위치,/recipe/list.html?q=게살모닝빵샌드위치
버섯들깨수제비,/recipe/list.html?q=버섯들깨수제비
밥솥카스테라,/recipe/list.html?q=밥솥카스테라
계란야채감자샌드위치,/recipe/list.html?q=계란야채감자샌드위치
모짜렐라치즈떡볶이,/recipe/list.html?q=모짜렐라치즈떡볶이
소시지빵토스트,/recipe/list.html?q=소시지빵토스트
꿀간장떡볶이,/recipe/list.html?q=꿀간장떡볶이
블루베리치즈케이크,/recipe/list.html?q=블루베리치즈케이크
치즈스파게티,/recipe/list.html?q=치즈스파게티
치즈고구마호떡,/recipe/list.html?q=치즈고구마호떡
호박고구마빵,/recipe/list.html?q=호박고구마빵
햄에그샌드위치,/recipe/list.html?q=햄에그샌드위치
치킨치즈떡볶이,/recipe/list.html?q=치킨치즈떡볶이
과일사라다빵,/recipe/list.html?q=과일사라다빵
소시지달걀치즈토스트,/recipe/list.html?q=소시지달걀치즈토스트
국물메밀비빔국수,/recipe/list.html?q=국물메밀비빔국수
궁중떡볶이,/recipe/list.html?q=궁중떡볶이
흑임자크림스파게티,/recipe/list.html?q=흑임자크림스파게티
바나나계란빵,/recipe/list.html?q=바나나계란빵
진저브레드쿠키,/recipe/list.html?q=진저브레드쿠키
바나나롤케이크,/recipe/list.html?q=바나나롤케이크
고구마오트밀쿠키,/recipe/list.html?q=고구마오트밀쿠키
통밀파스타샐러드,/recipe/list.html?q=통밀파스타샐러드
애플크림치즈머핀,/recipe/list.html?q=애플크림치즈머핀
체리생크림롤케이크,/recipe/list.html?q=체리생크림롤케이크
콘버터계란피자,/recipe/list.html?q=콘버터계란피자
크렌베리생크림식빵,/recipe/list.html?q=크렌베리생크림식빵
냉이된장칼국수,/recipe/list.html?q=냉이된장칼국수
가지푸실리파스타,/recipe/list.html?q=가지푸실리파스타
크림치즈당근케이크,/recipe/list.html?q=크림치즈당근케이크
유부잔치국수,/recipe/list.html?q=유부잔치국수
매운국물떡볶이,/recipe/list.html?q=매운국물떡볶이
크랜베리생크림스콘,/recipe/list.html?q=크랜베리생크림스콘
크랜베리호두스콘,/recipe/list.html?q=크랜베리호두스콘
크림치즈마늘빵,/recipe/list.html?q=크림치즈마늘빵
공갈빵,/recipe/list.html?q=공갈빵
감자계란빵,/recipe/list.html?q=감자계란빵
더블초코칩쿠키,/recipe/list.html?q=더블초코칩쿠키
고구마치즈케이크,/recipe/list.html?q=고구마치즈케이크
찹쌀호떡팬케이크,/recipe/list.html?q=찹쌀호떡팬케이크
해물수제비,/recipe/list.html?q=해물수제비
까르보나라크림떡볶이,/recipe/list.html?q=까르보나라크림떡볶이
열무얼갈이김치비빔국수,/recipe/list.html?q=열무얼갈이김치비빔국수
리얼브라우니쿠키,/recipe/list.html?q=리얼브라우니쿠키
크림치즈딸기샌드위치,/recipe/list.html?q=크림치즈딸기샌드위치
고구마프렌치토스트,/recipe/list.html?q=고구마프렌치토스트
토마토베이글샌드위치,/recipe/list.html?q=토마토베이글샌드위치
낙지바지락칼국수,/recipe/list.html?q=낙지바지락칼국수
떠먹는깍두기밥피자,/recipe/list.html?q=떠먹는깍두기밥피자
우동국물떡볶이,/recipe/list.html?q=우동국물떡볶이
바지락오일파스타,/recipe/list.html?q=바지락오일파스타
햄치즈크로와상샌드위치,/recipe/list.html?q=햄치즈크로와상샌드위치
치즈당근케이크,/recipe/list.html?q=치즈당근케이크
노오븐계란피자,/recipe/list.html?q=노오븐계란피자
브로콜리치즈떡볶이,/recipe/list.html?q=브로콜리치즈떡볶이
스위트콘피자토스트,/recipe/list.html?q=스위트콘피자토스트
생크림감귤컵케이크,/recipe/list.html?q=생크림감귤컵케이크
감자치즈프렌치토스트,/recipe/list.html?q=감자치즈프렌치토스트
쪽파크림치즈베이글샌드위치,/recipe/list.html?q=쪽파크림치즈베이글샌드위치
쌀초코머핀,/recipe/list.html?q=쌀초코머핀
생크림식빵,/recipe/list.html?q=생크림식빵
시금치바지락칼국수,/recipe/list.html?q=시금치바지락칼국수
매생이굴칼국수,/recipe/list.html?q=매생이굴칼국수
계란사라다빵,/recipe/list.html?q=계란사라다빵
게살감자샌드위치,/recipe/list.html?q=게살감자샌드위치
시래기멸치칼국수,/recipe/list.html?q=시래기멸치칼국수
감자샐러드샌드위치,/recipe/list.html?q=감자샐러드샌드위치
아몬드초코롤케이크,/recipe/list.html?q=아몬드초코롤케이크
단호박바스크치즈케이크,/recipe/list.html?q=단호박바스크치즈케이크
쑥크림치즈파운드케이크,/recipe/list.html?q=쑥크림치즈파운드케이크
카페모카쿠키슈,/recipe/list.html?q=카페모카쿠키슈
단호박크림떡볶이,/recipe/list.html?q=단호박크림떡볶이
스위트콘핫케이크,/recipe/list.html?q=스위트콘핫케이크
갈릭브레드스틱,/recipe/list.html?q=갈릭브레드스틱
시나몬프렌치토스트,/recipe/list.html?q=시나몬프렌치토스트
딸기비스퀴롤케이크,/recipe/list.html?q=딸기비스퀴롤케이크
아몬드생크림스콘,/recipe/list.html?q=아몬드생크림스콘
앤초비봉골레파스타,/recipe/list.html?q=앤초비봉골레파스타
미트볼치즈스파게티,/recipe/list.html?q=미트볼치즈스파게티
바질페스토샐러드파스타,/recipe/list.html?q=바질페스토샐러드파스타
대파새우오일파스타,/recipe/list.html?q=대파새우오일파스타
베이글에그샌드위치,/recipe/list.html?q=베이글에그샌드위치
신전떡볶이,/recipe/list.html?q=신전떡볶이
피넛초코칩쿠키,/recipe/list.html?q=피넛초코칩쿠키
에그감자샌드위치,/recipe/list.html?q=에그감자샌드위치
꿀호떡토스트,/recipe/list.html?q=꿀호떡토스트
프렌치토스트,/recipe/list.html?q=프렌치토스트
피자토스트,/recipe/list.html?q=피자토스트
브라우니치즈케이크,/recipe/list.html?q=브라우니치즈케이크
오이계란샌드위치,/recipe/list.html?q=오이계란샌드위치
포도잼불고기피자,/recipe/list.html?q=포도잼불고기피자
옥수수치즈스콘,/recipe/list.html?q=옥수수치즈스콘
딸기요거트생크림케이크,/recipe/list.html?q=딸기요거트생크림케이크
바나나통밀브레드,/recipe/list.html?q=바나나통밀브레드
과일오픈샌드위치,/recipe/list.html?q=과일오픈샌드위치
바나나고구마와플,/recipe/list.html?q=바나나고구마와플
블루베리아몬드머핀,/recipe/list.html?q=블루베리아몬드머핀
체다치즈쿠키,/recipe/list.html?q=체다치즈쿠키
와인무화과파운드케이크,/recipe/list.html?q=와인무화과파운드케이크
통밀당근케이크,/recipe/list.html?q=통밀당근케이크
고구마치즈토스트,/recipe/list.html?q=고구마치즈토스트
초코바나나머핀,/recipe/list.html?q=초코바나나머핀
식빵롤치즈계란토스트,/recipe/list.html?q=식빵롤치즈계란토스트
느타리버섯오픈샌드위치,/recipe/list.html?q=느타리버섯오픈샌드위치
새우스파게티,/recipe/list.html?q=새우스파게티
어묵떡볶이전골,/recipe/list.html?q=어묵떡볶이전골
차돌박이얼큰장칼국수,/recipe/list.html?q=차돌박이얼큰장칼국수
치킨베이글샌드위치,/recipe/list.html?q=치킨베이글샌드위치
고구마계란샌드위치,/recipe/list.html?q=고구마계란샌드위치
피넛버터바나나토스트,/recipe/list.html?q=피넛버터바나나토스트
고구마모닝빵피자,/recipe/list.html?q=고구마모닝빵피자
마늘식빵버터구이,/recipe/list.html?q=마늘식빵버터구이
씨앗꿀호떡,/recipe/list.html?q=씨앗꿀호떡
토마토피자토스트,/recipe/list.html?q=토마토피자토스트
바나나생크림컵케이크,/recipe/list.html?q=바나나생크림컵케이크
야채치즈토스트,/recipe/list.html?q=야채치즈토스트
딸기프렌치토스트,/recipe/list.html?q=딸기프렌치토스트
카카오닙스초코칩머핀,/recipe/list.html?q=카카오닙스초코칩머핀
허니레몬마들렌,/recipe/list.html?q=허니레몬마들렌
얼큰만두해물칼국수,/recipe/list.html?q=얼큰만두해물칼국수
크랜베리아몬드쿠키,/recipe/list.html?q=크랜베리아몬드쿠키
만두피자,/recipe/list.html?q=만두피자
양배추참치샌드위치,/recipe/list.html?q=양배추참치샌드위치
미니유자파운드케이크,/recipe/list.html?q=미니유자파운드케이크
단호박붕어빵,/recipe/list.html?q=단호박붕어빵
전복냉파스타,/recipe/list.html?q=전복냉파스타
씨앗호떡,/recipe/list.html?q=씨앗호떡
계란모닝빵,/recipe/list.html?q=계란모닝빵
딸기두부크림초코케이크,/recipe/list.html?q=딸기두부크림초코케이크
녹차와플,/recipe/list.html?q=녹차와플
초콜릿파운드케이크,/recipe/list.html?q=초콜릿파운드케이크
유자초코스콘,/recipe/list.html?q=유자초코스콘
달걀감자샌드위치,/recipe/list.html?q=달걀감자샌드위치
잡채어묵떡볶이,/recipe/list.html?q=잡채어묵떡볶이
메이플마들렌,/recipe/list.html?q=메이플마들렌
고구마크림치즈케이크,/recipe/list.html?q=고구마크림치즈케이크
꿀호떡햄버거,/recipe/list.html?q=꿀호떡햄버거
초코스노우볼쿠키,/recipe/list.html?q=초코스노우볼쿠키
김치쌀떡피자,/recipe/list.html?q=김치쌀떡피자
고추장기름떡볶이,/recipe/list.html?q=고추장기름떡볶이
포두부알리오올리오파스타,/recipe/list.html?q=포두부알리오올리오파스타
캐러멜버터링쿠키,/recipe/list.html?q=캐러멜버터링쿠키
냉파스타샐러드,/recipe/list.html?q=냉파스타샐러드
베이글샌드위치,/recipe/list.html?q=베이글샌드위치
베이컨에그토스트,/recipe/list.html?q=베이컨에그토스트
그릴드치즈토스트,/recipe/list.html?q=그릴드치즈토스트
딸기초코롤케이크,/recipe/list.html?q=딸기초코롤케이크
매콤마요에그토스트,/recipe/list.html?q=매콤마요에그토스트
단호박와플,/recipe/list.html?q=단호박와플
소고기간장떡볶이,/recipe/list.html?q=소고기간장떡볶이
단호박빵,/recipe/list.html?q=단호박빵
카라멜호두머핀,/recipe/list.html?q=카라멜호두머핀
미니단호박빵,/recipe/list.html?q=미니단호박빵
절편카레떡볶이,/recipe/list.html?q=절편카레떡볶이
흑임자크림치즈쿠키,/recipe/list.html?q=흑임자크림치즈쿠키
견과류또띠아호떡,/recipe/list.html?q=견과류또띠아호떡
또띠아햄치즈토스트,/recipe/list.html?q=또띠아햄치즈토스트
머쉬마루버섯칼국수,/recipe/list.html?q=머쉬마루버섯칼국수
불닭까르보나라떡볶이,/recipe/list.html?q=불닭까르보나라떡볶이
두부면바질페스토파스타,/recipe/list.html?q=두부면바질페스토파스타
브레드,/recipe/list.html?q=브레드
고추장감자수제비,/recipe/list.html?q=고추장감자수제비
까르보크림떡볶이,/recipe/list.html?q=까르보크림떡볶이
골뱅이샐러드파스타,/recipe/list.html?q=골뱅이샐러드파스타
치즈케이크,/recipe/list.html?q=치즈케이크
훈제연어오픈샌드위치,/recipe/list.html?q=훈제연어오픈샌드위치
호두크랜베리스콘,/recipe/list.html?q=호두크랜베리스콘
감자피자,/recipe/list.html?q=감자피자
들깨가루감자수제비,/recipe/list.html?q=들깨가루감자수제비
호떡,/recipe/list.html?q=호떡
땅콩피넛버터쿠키,/recipe/list.html?q=땅콩피넛버터쿠키
바나나인절미토스트,/recipe/list.html?q=바나나인절미토스트
인절미호떡,/recipe/list.html?q=인절미호떡
시금치에그토스트,/recipe/list.html?q=시금치에그토스트
누들짜장떡볶이,/recipe/list.html?q=누들짜장떡볶이
바지락고추장수제비,/recipe/list.html?q=바지락고추장수제비
베이글바나나토스트,/recipe/list.html?q=베이글바나나토스트
올리브오일파스타,/recipe/list.html?q=올리브오일파스타
바나나치즈토스트,/recipe/list.html?q=바나나치즈토스트
핫케이크계란피자,/recipe/list.html?q=핫케이크계란피자
녹차생크림식빵,/recipe/list.html?q=녹차생크림식빵
무화과생크림케이크,/recipe/list.html?q=무화과생크림케이크
단호박크림파스타,/recipe/list.html?q=단호박크림파스타
버섯잔치국수,/recipe/list.html?q=버섯잔치국수
반건조오징어비빔국수,/recipe/list.html?q=반건조오징어비빔국수
로제푸실리파스타,/recipe/list.html?q=로제푸실리파스타
바지락수제비,/recipe/list.html?q=바지락수제비
더치베이비팬케이크,/recipe/list.html?q=더치베이비팬케이크
양파치즈토스트,/recipe/list.html?q=양파치즈토스트
햄치즈에그토스트,/recipe/list.html?q=햄치즈에그토스트
크림새우스파게티,/recipe/list.html?q=크림새우스파게티
모닝피자빵,/recipe/list.html?q=모닝피자빵
고구마치즈핫도그,/recipe/list.html?q=고구마치즈핫도그
김치수제비,/recipe/list.html?q=김치수제비
초코마블버터링쿠키,/recipe/list.html?q=초코마블버터링쿠키
슈크림붕어빵,/recipe/list.html?q=슈크림붕어빵
피자,/recipe/list.html?q=피자
와인초콜릿케이크,/recipe/list.html?q=와인초콜릿케이크
베이컨계란샌드위치,/recipe/list.html?q=베이컨계란샌드위치
크림치즈카스테라,/recipe/list.html?q=크림치즈카스테라
시래기국물떡볶이,/recipe/list.html?q=시래기국물떡볶이
고구마쌀롤케이크,/recipe/list.html?q=고구마쌀롤케이크
컵케이크,/recipe/list.html?q=컵케이크
크림치즈브라우니,/recipe/list.html?q=크림치즈브라우니
치즈로제떡볶이,/recipe/list.html?q=치즈로제떡볶이
묵은지간장비빔국수,/recipe/list.html?q=묵은지간장비빔국수
노오븐계란빵,/recipe/list.html?q=노오븐계란빵
마늘간장비빔국수,/recipe/list.html?q=마늘간장비빔국수
치즈해물떡볶이,/recipe/list.html?q=치즈해물떡볶이
모닝빵양배추샌드위치,/recipe/list.html?q=모닝빵양배추샌드위치
두부카레떡볶이,/recipe/list.html?q=두부카레떡볶이
블루베리고르곤졸라피자,/recipe/list.html?q=블루베리고르곤졸라피자
당근초코머핀,/recipe/list.html?q=당근초코머핀
쉬림프아보카도샌드위치,/recipe/list.html?q=쉬림프아보카도샌드위치
치즈달걀토스트,/recipe/list.html?q=치즈달걀토스트
꿀호떡,/recipe/list.html?q=꿀호떡
팽이버섯크림파스타,/recipe/list.html?q=팽이버섯크림파스타
코코넛마들렌,/recipe/list.html?q=코코넛마들렌
베이컨크림떡볶이,/recipe/list.html?q=베이컨크림떡볶이
자색고구마호떡,/recipe/list.html?q=자색고구마호떡
고기치즈머핀,/recipe/list.html?q=고기치즈머핀
미니롤케이크,/recipe/list.html?q=미니롤케이크
게살크림떡볶이,/recipe/list.html?q=게살크림떡볶이
바질식빵러스크,/recipe/list.html?q=바질식빵러스크
오픈토스트,/recipe/list.html?q=오픈토스트
햄치즈콘치즈토스트,/recipe/list.html?q=햄치즈콘치즈토스트
해물짜장떡볶이,/recipe/list.html?q=해물짜장떡볶이
코코넛프렌치토스트,/recipe/list.html?q=코코넛프렌치토스트
만두피피자,/recipe/list.html?q=만두피피자
블루베리초코칩머핀,/recipe/list.html?q=블루베리초코칩머핀
황태국물떡볶이,/recipe/list.html?q=황태국물떡볶이
오렌지초코칩쿠키,/recipe/list.html?q=오렌지초코칩쿠키
단호박샐러드야채모닝빵,/recipe/list.html?q=단호박샐러드야채모닝빵
계란양배추토스트,/recipe/list.html?q=계란양배추토스트
햄치즈계란토스트,/recipe/list.html?q=햄치즈계란토스트
매운짜장떡볶이,/recipe/list.html?q=매운짜장떡볶이
과일핫케이크,/recipe/list.html?q=과일핫케이크
미숫가루초코칩쿠키,/recipe/list.html?q=미숫가루초코칩쿠키
블루베리팬케이크,/recipe/list.html?q=블루베리팬케이크
바지락토마토파스타,/recipe/list.html?q=바지락토마토파스타
통밀초코쿠키,/recipe/list.html?q=통밀초코쿠키
치즈양배추샌드위치,/recipe/list.html?q=치즈양배추샌드위치
떡피자,/recipe/list.html?q=떡피자
건포도생크림스콘,/recipe/list.html?q=건포도생크림스콘
노오븐식빵피자,/recipe/list.html?q=노오븐식빵피자
쌀초코쿠키,/recipe/list.html?q=쌀초코쿠키
바게트피자빵,/recipe/list.html?q=바게트피자빵
미역비빔국수,/recipe/list.html?q=미역비빔국수
핫도그피자,/recipe/list.html?q=핫도그피자
버섯또띠아피자,/recipe/list.html?q=버섯또띠아피자
생크림컵케이크,/recipe/list.html?q=생크림컵케이크
오리훈제간장떡볶이,/recipe/list.html?q=오리훈제간장떡볶이
모시조개해물칼국수,/recipe/list.html?q=모시조개해물칼국수
당근고구마빵,/recipe/list.html?q=당근고구마빵
닭칼국수,/recipe/list.html?q=닭칼국수
전자렌지치즈스파게티,/recipe/list.html?q=전자렌지치즈스파게티
크림치즈머핀,/recipe/list.html?q=크림치즈머핀
또띠아피자,/recipe/list.html?q=또띠아피자
길거리토스트,/recipe/list.html?q=길거리토스트
굴미역수제비,/recipe/list.html?q=굴미역수제비
얼갈이김치비빔국수,/recipe/list.html?q=얼갈이김치비빔국수
민트오레오치즈케이크,/recipe/list.html?q=민트오레오치즈케이크
시금치단팥빵,/recipe/list.html?q=시금치단팥빵
베이컨크림스파게티,/recipe/list.html?q=베이컨크림스파게티
게살야채모닝빵샌드위치,/recipe/list.html?q=게살야채모닝빵샌드위치
통밀식빵,/recipe/list.html?q=통밀식빵
생크림카스테라,/recipe/list.html?q=생크림카스테라
치즈프렌치토스트,/recipe/list.html?q=치즈프렌치토스트
바나나브라우니머핀,/recipe/list.html?q=바나나브라우니머핀
김밥피자,/recipe/list.html?q=김밥피자
가나슈초코케이크,/recipe/list.html?q=가나슈초코케이크
토마토치즈토스트,/recipe/list.html?q=토마토치즈토스트
크림치즈밤파운드케이크,/recipe/list.html?q=크림치즈밤파운드케이크
얼그레이마들렌,/recipe/list.html?q=얼그레이마들렌
또띠아소불고기피자,/recipe/list.html?q=또띠아소불고기피자
키위생크림케이크,/recipe/list.html?q=키위생크림케이크
미니초코치즈케이크,/recipe/list.html?q=미니초코치즈케이크
바나나쿠키슈,/recipe/list.html?q=바나나쿠키슈
치즈콘브레드,/recipe/list.html?q=치즈콘브레드
바게트계란빵,/recipe/list.html?q=바게트계란빵
마늘또띠아피자,/recipe/list.html?q=마늘또띠아피자
감자사라다빵,/recipe/list.html?q=감자사라다빵
시금치베이컨토마토스파게티,/recipe/list.html?q=시금치베이컨토마토스파게티
김치식빵피자,/recipe/list.html?q=김치식빵피자
오븐계란빵,/recipe/list.html?q=오븐계란빵
홍합시금치크림파스타,/recipe/list.html?q=홍합시금치크림파스타
콘치즈스콘,/recipe/list.html?q=콘치즈스콘
단호박해물떡볶이,/recipe/list.html?q=단호박해물떡볶이
옥수수머핀,/recipe/list.html?q=옥수수머핀
당근파운드케이크,/recipe/list.html?q=당근파운드케이크
닭똥집샐러드파스타,/recipe/list.html?q=닭똥집샐러드파스타
마늘길거리토스트,/recipe/list.html?q=마늘길거리토스트
자두오픈토스트,/recipe/list.html?q=자두오픈토스트
느타리버섯빠네로제파스타,/recipe/list.html?q=느타리버섯빠네로제파스타
떡갈비또띠아피자,/recipe/list.html?q=떡갈비또띠아피자
전복바지락칼국수,/recipe/list.html?q=전복바지락칼국수
체리레어치즈케이크,/recipe/list.html?q=체리레어치즈케이크
커리피자토스트,/recipe/list.html?q=커리피자토스트
새우토마토로제파스타,/recipe/list.html?q=새우토마토로제파스타
고구마쿠키,/recipe/list.html?q=고구마쿠키
오디잼버터쿠키,/recipe/list.html?q=오디잼버터쿠키
도토리들깨수제비,/recipe/list.html?q=도토리들깨수제비
감자치즈핫도그,/recipe/list.html?q=감자치즈핫도그
양배추식빵핫도그,/recipe/list.html?q=양배추식빵핫도그
녹두팬케이크,/recipe/list.html?q=녹두팬케이크
콩크림떡볶이,/recipe/list.html?q=콩크림떡볶이
파스타,/recipe/list.html?q=파스타
오렌지머핀,/recipe/list.html?q=오렌지머핀
머쉬마루버섯식빵피자,/recipe/list.html?q=머쉬마루버섯식빵피자
밤카스테라,/recipe/list.html?q=밤카스테라
문어닭한마리칼국수,/recipe/list.html?q=문어닭한마리칼국수
들깨미역수제비,/recipe/list.html?q=들깨미역수제비
모카초코마들렌,/recipe/list.html?q=모카초코마들렌
초코아몬드쿠키,/recipe/list.html?q=초코아몬드쿠키
건포도연유브레드,/recipe/list.html?q=건포도연유브레드
황치즈머핀,/recipe/list.html?q=황치즈머핀
어묵기름떡볶이,/recipe/list.html?q=어묵기름떡볶이
핫도그김밥계란피자,/recipe/list.html?q=핫도그김밥계란피자
호두베이글샌드위치,/recipe/list.html?q=호두베이글샌드위치
바지락된장수제비,/recipe/list.html?q=바지락된장수제비
단호박수제비,/recipe/list.html?q=단호박수제비
크림토마토스파게티,/recipe/list.html?q=크림토마토스파게티
찹쌀브라우니,/recipe/list.html?q=찹쌀브라우니
애호박비빔국수,/recipe/list.html?q=애호박비빔국수
바지락로제파스타,/recipe/list.html?q=바지락로제파스타
모카머핀,/recipe/list.html?q=모카머핀
밥핫도그,/recipe/list.html?q=밥핫도그
식빵핫도그,/recipe/list.html?q=식빵핫도그
대파토스트,/recipe/list.html?q=대파토스트
바게트치즈프렌치토스트,/recipe/list.html?q=바게트치즈프렌치토스트
화이트초코마들렌,/recipe/list.html?q=화이트초코마들렌
루꼴라버섯불고기밥피자,/recipe/list.html?q=루꼴라버섯불고기밥피자
회오리핫도그,/recipe/list.html?q=회오리핫도그
버섯궁중떡볶이,/recipe/list.html?q=버섯궁중떡볶이
버섯칼국수,/recipe/list.html?q=버섯칼국수
소시지빵,/recipe/list.html?q=소시지빵
브라우니,/recipe/list.html?q=브라우니
퍼지브라우니쿠키,/recipe/list.html?q=퍼지브라우니쿠키
우삼겹샐러드파스타,/recipe/list.html?q=우삼겹샐러드파스타
초콜릿브라우니,/recipe/list.html?q=초콜릿브라우니
날치알크림파스타,/recipe/list.html?q=날치알크림파스타
카라멜초코스콘,/recipe/list.html?q=카라멜초코스콘
미니팬케이크시리얼,/recipe/list.html?q=미니팬케이크시리얼
감자샐러드모닝빵샌드위치,/recipe/list.html?q=감자샐러드모닝빵샌드위치
쑥카스테라,/recipe/list.html?q=쑥카스테라
소보루밤식빵,/recipe/list.html?q=소보루밤식빵
곤약로제파스타,/recipe/list.html?q=곤약로제파스타
블루베리와플,/recipe/list.html?q=블루베리와플
생크림딸기샌드위치,/recipe/list.html?q=생크림딸기샌드위치
노오븐떠먹는피자,/recipe/list.html?q=노오븐떠먹는피자
과일크로와상샌드위치,/recipe/list.html?q=과일크로와상샌드위치
호떡피자,/recipe/list.html?q=호떡피자
비건오트밀초코쿠키,/recipe/list.html?q=비건오트밀초코쿠키
초코바나나토스트,/recipe/list.html?q=초코바나나토스트
호두아몬드쿠키,/recipe/list.html?q=호두아몬드쿠키
고구마치즈계란빵,/recipe/list.html?q=고구마치즈계란빵
얼그레이생크림스콘,/recipe/list.html?q=얼그레이생크림스콘
크림파스타,/recipe/list.html?q=크림파스타
황태김치수제비,/recipe/list.html?q=황태김치수제비
뼈다귀브레드스틱,/recipe/list.html?q=뼈다귀브레드스틱
단호박스콘,/recipe/list.html?q=단호박스콘
바나나호두머핀,/recipe/list.html?q=바나나호두머핀
시금치크림파스타,/recipe/list.html?q=시금치크림파스타
생크림케이크,/recipe/list.html?q=생크림케이크
딸기스크램블에그샌드위치,/recipe/list.html?q=딸기스크램블에그샌드위치
닭가슴살양배추샌드위치,/recipe/list.html?q=닭가슴살양배추샌드위치
오트밀로투스통밀쿠키,/recipe/list.html?q=오트밀로투스통밀쿠키
아기감자수제비,/recipe/list.html?q=아기감자수제비
치킨로제파스타,/recipe/list.html?q=치킨로제파스타
크림치즈쇼트브레드,/recipe/list.html?q=크림치즈쇼트브레드
계란햄치즈샌드위치,/recipe/list.html?q=계란햄치즈샌드위치
감자고구마계란샌드위치,/recipe/list.html?q=감자고구마계란샌드위치
베이컨달걀토스트,/recipe/list.html?q=베이컨달걀토스트
치즈식빵핫도그,/recipe/list.html?q=치즈식빵핫도그
초코칩생크림스콘,/recipe/list.html?q=초코칩생크림스콘
아이스크림호두와플,/recipe/list.html?q=아이스크림호두와플
스파게티,/recipe/list.html?q=스파게티
얼그레이쿠키,/recipe/list.html?q=얼그레이쿠키
단호박블루베리컵케이크,/recipe/list.html?q=단호박블루베리컵케이크
노오븐고구마빵,/recipe/list.html?q=노오븐고구마빵
어묵핫도그,/recipe/list.html?q=어묵핫도그
애호박감자수제비,/recipe/list.html?q=애호박감자수제비
골뱅이열무비빔국수,/recipe/list.html?q=골뱅이열무비빔국수
포도햄치즈토스트,/recipe/list.html?q=포도햄치즈토스트
갈릭버섯알리오올리오파스타,/recipe/list.html?q=갈릭버섯알리오올리오파스타
멸치칼국수버섯전골,/recipe/list.html?q=멸치칼국수버섯전골
양배추샌드위치,/recipe/list.html?q=양배추샌드위치
두부면샐러드파스타,/recipe/list.html?q=두부면샐러드파스타
바나나꿀호떡,/recipe/list.html?q=바나나꿀호떡
들깨버섯칼국수,/recipe/list.html?q=들깨버섯칼국수
딸기크림치즈컵케이크,/recipe/list.html?q=딸기크림치즈컵케이크
레드벨벳롤케이크,/recipe/list.html?q=레드벨벳롤케이크
떡국떡떡볶이,/recipe/list.html?q=떡국떡떡볶이
토마토냉파스타,/recipe/list.html?q=토마토냉파스타
사과잼햄치즈샌드위치,/recipe/list.html?q=사과잼햄치즈샌드위치
불닭카레떡볶이,/recipe/list.html?q=불닭카레떡볶이
봉골레스파게티,/recipe/list.html?q=봉골레스파게티
시금치새우크림파스타,/recipe/list.html?q=시금치새우크림파스타
홍합치즈떡볶이,/recipe/list.html?q=홍합치즈떡볶이
장칼국수,/recipe/list.html?q=장칼국수
명란알리오올리오파스타,/recipe/list.html?q=명란알리오올리오파스타
고구마크림치즈머핀,/recipe/list.html?q=고구마크림치즈머핀
사천짜장떡볶이,/recipe/list.html?q=사천짜장떡볶이
봉골레파스타,/recipe/list.html?q=봉골레파스타
감자칼국수,/recipe/list.html?q=감자칼국수
BLT베이글샌드위치,/recipe/list.html?q=BLT베이글샌드위치
아몬드머핀,/recipe/list.html?q=아몬드머핀
만두피수제비,/recipe/list.html?q=만두피수제비
갈릭오일파스타,/recipe/list.html?q=갈릭오일파스타
통밀잔치국수,/recipe/list.html?q=통밀잔치국수
허니버터브레드,/recipe/list.html?q=허니버터브레드
간장기름떡볶이,/recipe/list.html?q=간장기름떡볶이
라면크림파스타,/recipe/list.html?q=라면크림파스타
짜장기름떡볶이,/recipe/list.html?q=짜장기름떡볶이
초코칩머핀,/recipe/list.html?q=초코칩머핀
딸기팬케이크,/recipe/list.html?q=딸기팬케이크
초콜릿칩모카머핀,/recipe/list.html?q=초콜릿칩모카머핀
고구마스콘,/recipe/list.html?q=고구마스콘
분모자궁중떡볶이,/recipe/list.html?q=분모자궁중떡볶이
슈크림초콜릿쿠키슈,/recipe/list.html?q=슈크림초콜릿쿠키슈
감자또띠아피자,/recipe/list.html?q=감자또띠아피자
요거트허니브레드,/recipe/list.html?q=요거트허니브레드
계란토스트,/recipe/list.html?q=계란토스트
시나몬아몬드쿠키,/recipe/list.html?q=시나몬아몬드쿠키
갓김치비빔국수,/recipe/list.html?q=갓김치비빔국수
골뱅이오일파스타,/recipe/list.html?q=골뱅이오일파스타
시나몬초코칩쿠키,/recipe/list.html?q=시나몬초코칩쿠키
묵은지김치수제비,/recipe/list.html?q=묵은지김치수제비
양파계란샌드위치,/recipe/list.html?q=양파계란샌드위치
두유크림스파게티,/recipe/list.html?q=두유크림스파게티
베이컨달걀샌드위치,/recipe/list.html?q=베이컨달걀샌드위치
치즈밥피자,/recipe/list.html?q=치즈밥피자
차돌짜장떡볶이,/recipe/list.html?q=차돌짜장떡볶이
가지토마토스파게티,/recipe/list.html?q=가지토마토스파게티
토마토계란피자,/recipe/list.html?q=토마토계란피자
토스트,/recipe/list.html?q=토스트
블루베리컵케이크,/recipe/list.html?q=블루베리컵케이크
단호박핫케이크,/recipe/list.html?q=단호박핫케이크
감자옹심이바지락칼국수,/recipe/list.html?q=감자옹심이바지락칼국수
치즈초콜릿롤케이크,/recipe/list.html?q=치즈초콜릿롤케이크
토마토열무비빔국수,/recipe/list.html?q=토마토열무비빔국수
펜네알리오올리오파스타,/recipe/list.html?q=펜네알리오올리오파스타
당근핫케이크,/recipe/list.html?q=당근핫케이크
"무화과,오트밀,쿠키오트밀쿠키","/recipe/list.html?q=무화과,오트밀,쿠키오트밀쿠키"
백만송이버섯계란토스트,/recipe/list.html?q=백만송이버섯계란토스트
김치콩나물토마토파스타,/recipe/list.html?q=김치콩나물토마토파스타
베이컨프렌치토스트,/recipe/list.html?q=베이컨프렌치토스트
치즈떡볶이,/recipe/list.html?q=치즈떡볶이
당근라페베이글샌드위치,/recipe/list.html?q=당근라페베이글샌드위치
누텔라모카브라우니,/recipe/list.html?q=누텔라모카브라우니
백만송이버섯알리오올리오파스타,/recipe/list.html?q=백만송이버섯알리오올리오파스타
커피프렌치토스트,/recipe/list.html?q=커피프렌치토스트
고구마치즈식빵,/recipe/list.html?q=고구마치즈식빵
오징어치즈떡볶이,/recipe/list.html?q=오징어치즈떡볶이
콘치즈모닝빵샌드위치,/recipe/list.html?q=콘치즈모닝빵샌드위치
참기름간장비빔국수,/recipe/list.html?q=참기름간장비빔국수
시금치불고기샌드위치,/recipe/list.html?q=시금치불고기샌드위치
베이컨원팬토스트,/recipe/list.html?q=베이컨원팬토스트
시나몬롤케이크,/recipe/list.html?q=시나몬롤케이크
샌드위치,/recipe/list.html?q=샌드위치
불고기장떡피자,/recipe/list.html?q=불고기장떡피자
카네이션머랭쿠키,/recipe/list.html?q=카네이션머랭쿠키
피넛버터초코칩쿠키,/recipe/list.html?q=피넛버터초코칩쿠키
양파핫도그,/recipe/list.html?q=양파핫도그
초코컵케이크,/recipe/list.html?q=초코컵케이크
사과식빵피자,/recipe/list.html?q=사과식빵피자
견과류초코칩쿠키,/recipe/list.html?q=견과류초코칩쿠키
쌀롤케이크,/recipe/list.html?q=쌀롤케이크
빵,/recipe/list.html?q=빵
단호박꿀호떡,/recipe/list.html?q=단호박꿀호떡
오레오초코컵케이크,/recipe/list.html?q=오레오초코컵케이크
크럼블초코머핀,/recipe/list.html?q=크럼블초코머핀
크림치즈스콘,/recipe/list.html?q=크림치즈스콘
에그치즈토스트,/recipe/list.html?q=에그치즈토스트
참치토마토파스타,/recipe/list.html?q=참치토마토파스타
감자치즈호떡,/recipe/list.html?q=감자치즈호떡
명이나물된장수제비,/recipe/list.html?q=명이나물된장수제비
커피쇼트브레드,/recipe/list.html?q=커피쇼트브레드
초콜릿컵케이크,/recipe/list.html?q=초콜릿컵케이크
강릉육쪽마늘빵,/recipe/list.html?q=강릉육쪽마늘빵
고구마치즈오븐스파게티,/recipe/list.html?q=고구마치즈오븐스파게티
두부에그샌드위치,/recipe/list.html?q=두부에그샌드위치
구운광어푸실리파스타,/recipe/list.html?q=구운광어푸실리파스타
현미초코브라우니머핀,/recipe/list.html?q=현미초코브라우니머핀
삼색궁중떡볶이,/recipe/list.html?q=삼색궁중떡볶이
현미단호박머핀,/recipe/list.html?q=현미단호박머핀
크래커머랭쿠키,/recipe/list.html?q=크래커머랭쿠키
고구마와플,/recipe/list.html?q=고구마와플
초콜릿생크림케이크,/recipe/list.html?q=초콜릿생크림케이크
바지락만두피수제비,/recipe/list.html?q=바지락만두피수제비
원팬토스트,/recipe/list.html?q=원팬토스트
초코핫케이크,/recipe/list.html?q=초코핫케이크
고구마치즈프렌치토스트,/recipe/list.html?q=고구마치즈프렌치토스트
불고기식빵피자,/recipe/list.html?q=불고기식빵피자
핫도그,/recipe/list.html?q=핫도그
식빵치즈핫도그,/recipe/list.html?q=식빵치즈핫도그
핫케이크믹스스콘,/recipe/list.html?q=핫케이크믹스스콘
스파게티계란피자,/recipe/list.html?q=스파게티계란피자
레몬마들렌,/recipe/list.html?q=레몬마들렌
생크림얼그레이스콘,/recipe/list.html?q=생크림얼그레이스콘
해물바지락칼국수,/recipe/list.html?q=해물바지락칼국수
호떡아이스크림,/recipe/list.html?q=호떡아이스크림
또띠아호떡칩,/recipe/list.html?q=또띠아호떡칩
브레드스틱,/recipe/list.html?q=브레드스틱
바게트마늘빵,/recipe/list.html?q=바게트마늘빵
계란수플레팬케이크,/recipe/list.html?q=계란수플레팬케이크
요구르트모닝빵,/recipe/list.html?q=요구르트모닝빵
전자렌지고구마빵,/recipe/list.html?q=전자렌지고구마빵
갈릭에그토스트,/recipe/list.html?q=갈릭에그토스트
닭가슴살토마토스파게티,/recipe/list.html?q=닭가슴살토마토스파게티
무차돌궁중떡볶이,/recipe/list.html?q=무차돌궁중떡볶이
밥통카스테라,/recipe/list.html?q=밥통카스테라
소고기로제파스타,/recipe/list.html?q=소고기로제파스타
팥녹차머핀,/recipe/list.html?q=팥녹차머핀
애호박참치또띠아피자,/recipe/list.html?q=애호박참치또띠아피자
브로콜리참치샌드위치,/recipe/list.html?q=브로콜리참치샌드위치
콩가루찹쌀와플,/recipe/list.html?q=콩가루찹쌀와플
망고레어치즈케이크,/recipe/list.html?q=망고레어치즈케이크
두부초코케이크,/recipe/list.html?q=두부초코케이크
만두계란피자,/recipe/list.html?q=만두계란피자
쌀브라우니,/recipe/list.html?q=쌀브라우니
크렌베리플레인스콘,/recipe/list.html?q=크렌베리플레인스콘
요거트컵케이크,/recipe/list.html?q=요거트컵케이크
감자피자빵,/recipe/list.html?q=감자피자빵
토스트에그샌드위치,/recipe/list.html?q=토스트에그샌드위치
오트밀코코넛통밀쿠키,/recipe/list.html?q=오트밀코코넛통밀쿠키
옥수수치즈식빵,/recipe/list.html?q=옥수수치즈식빵
고구마식빵핫도그,/recipe/list.html?q=고구마식빵핫도그
오이감자피자,/recipe/list.html?q=오이감자피자
육개장칼국수,/recipe/list.html?q=육개장칼국수
약고추장현미가래떡떡볶이,/recipe/list.html?q=약고추장현미가래떡떡볶이
캐러멜바나나컵케이크,/recipe/list.html?q=캐러멜바나나컵케이크
