name,food_name,ingredients
피자치킨까스,피자치킨까스,"['참프레참허브통가슴살치킨까스', '파프리카', '양파', '브로콜리', '양송이버섯', '치즈', '토마토소스']"
매콤찜닭덮밥,[당뇨식단] 매콤달콤 혈당 걱정없는 매콤찜닭덮밥,"['닭가슴살', '대파', '양파', '당근', '저당 고추장', '고춧가루', '간장', '알룰로스', '다진마늘', '물', '깨']"
오디닭봉조림,오디 닭봉 조림,"['닭봉', '마늘', '월계수잎', '청주', '양파(닭봉 데칠때)', '오디즙', '설탕', '물엿', '간장', '청주', '다진마늘', '생강', '소금', '후추']"
양배추닭가슴살샐러드,양배추닭가슴살 샐러드 포만감 GOOD!! 양배추활용 요리,"['양배추', '청상추', '그린빈', '닭가슴살', '마요네즈', '허니머스터드', '소금', '후추']"
키토후라이드치킨,키토 후라이드치킨 만들기 (feat. 에어프라이어),"['닭다리', '닭가슴살', '타코 시즈닝', '파프리카가루', '마늘가루', '소금', '후추', '타피오카 전분', '올리브오일']"
갈릭크림치킨스테이크,갈릭 크림 치킨 스테이크 만들기 저탄고지 요리,"['닭가슴살', '소금', '허브가루', '버터', '올리브유', '마늘', '휘핑크림', '물', '양파', '소금', '마늘', '파슬리', '레몬즙', '버터']"
치킨스테이크소스,치킨스테이크소스,"['버터', '레몬', '물', '진간장', '설탕', '간마늘']"
매콤간장찜닭,"콜라로 쉽고 빠르게 만드는 ""매콤간장찜닭""","['닭고기', '당면', '고구마 작은거', '양파', '당근', '페페론치노', '청양고추', '파', '떡국떡', '간장', '맛술', '설탕', '다진마늘', '콜라', '후추']"
양배추닭고기덮밥,양배추 닭고기 덮밥 만드는 법 닭고기 간장조림,"['밥', '닭다리살', '양배추잎', '양파', '마늘', '식용유', '어린잎채소', '소금', '후춧가루', '청주', '소금', '후춧가루', '맛간장', '맛술']"
닭가슴살닭갈비,퍽퍽하지 않고 부드러운 닭가슴살 닭갈비,"['닭가슴살', '대파', '양배추', '당근', '양파', '다진마늘', '고추장', '설탕', '간장', '고춧가루', '맛술', '후춧가루']"
짜장찜닭,짜장찜닭 3분짜장을 넣어서 만들어봤습니다,"['양파', '당근', '호박', '감자', '청양고추', '대파', '고춧가루', '다진마늘', '맛술', '올리고당', '간장', '굵은후추', '물', '짜장']"
전복누룽지삼계탕,전복 누룽지 삼계탕,"['닭고기', '전복', '감자', '통마늘', '사골육수', '녹두', '찹쌀', '누룽지', '양파껍질', '다시마', '대추', '수삼', '대파', '말린버섯']"
순살닭갈비구이,순살 닭갈비 구이,"['닭다리살', '소금', '후추', '고추장', '간장', '설탕', '매실액', '올리고당', '고춧가루', '청주']"
갈릭버터닭가슴살스테이크,닭가슴살요리법 갈릭버터 닭가슴살스테이크,"['닭가슴살', '버터', '간마늘', '양파', '방울토마토/토마토', '간장', '후추']"
카레닭구이,바삭한 카레닭구이,"['닭가슴살', '카레가루', '밀가루 or 전분가루', '소금', '후춧가루', '오일']"
콩나물닭볶음탕,콩닭(콩나물닭볶음탕),"['닭', '콩나물', '당근', '양파', '표고버섯', '방울토마토', '고추', '고추장', '허브솔트', '통마늘', '마눌장아찌 간장', '고추가루']"
치킨텐더오븐구이,"튀기지 않아 더 건강한 간식, 매콤한 치킨 텐더 오븐 구이 - Baked Chicken Tender ","['닭 안심', '바베큐 소스', '미림', '타바스코소스', '후레쉬 타임', '감자 칩 포테이토 칩스', '매운 고추 가루', '카이옌 페퍼']"
간장고구마닭강정,"윤식당 닭강정,닭강정,먹다남은치킨활용,남은치킨,닭강정,닭강정소스,간장닭강정,윤식당","['순살치킨', '간장', '설탕', '다진마늘(베라스푼)', '물엿', '깨']"
간장오븐닭구이,간장오븐닭구이 마늘간장소스로 염지한 닭요리,"['닭한마리', '우유', '소주(맛술)', '허브솔트', '간장', '올리브유', '설탕', '마늘', '후추']"
매운국물닭발,입안 얼얼! 야식엔 매운 국물 닭발!,"['닭발', '콩나물', '고춧가루', '설탕', '소금', '다진마늘', '된장', '고추장', '양파', '후추', '간장', '소주', '불닭소스']"
장어깐풍기,보양식으로 좋은 장어깐풍기,"['붕장어', '홍고추', '풋고추', '노랑피망', '빨강피망', '마늘', '생강', '양파', '카놀라유', '녹말가루', '달걀', '물', '소금', '후춧가루', '맛술', '고추기름', '양조간장', '올리고당', '물엿', '맛술', '녹말물']"
부추닭백숙,여름 복날 음식-부추 닭백숙 만드는 법,"['영계닭', '마늘', '부추', '삼계탕재료', '인삼', '밤', '대추', '물', '소금', '후춧가루']"
굴소스치킨볶음밥,굴소스 치킨 볶음밥,"['남은치킨', '양파', '새송이버섯', '밥', '굴소스']"
순살간장치킨,치킨너겟으로 만든 순살 간장치킨~*,"['치킨너겟', '브라질너트', '간장', '설탕', '올리고당', '물', '다진마늘']"
간장치킨떡볶이,떡국떡이 신의 한수! 간장치킨떡볶이!,"['닭볶음탕용 닭', '떡국떡', '우유', '허브솔트', '후추', '청주', '올리브오일', '통깨', '설탕', '고춧가루', '다진마늘', '다진파', '간장', '굴소스', '물엿', '청양고추', '물']"
치킨무무침,쉽고간단~남은 치킨무무침!,"['치킨무', '다진파', '고추가루', '참기름', '통깨']"
에어프라이후라이드치킨,에어프라이 후라이드치킨 ㅣ다이어트 후라이드치킨 만들기,"['닭(닭볶음탕용)', '치킨가루', '우유', '식용유']"
닭강정떡볶이,닭떡강정 만들기,"['닭가슴살이나 닭다리살', '가래떡', '감자전분', '튀김가루', '후추', '소금', '청주', '고추장', '케찹', '간장', '물', '물엿', '설탕']"
딸기양념치킨,바삭한 딸기양념치킨,"['닭고기', '치킨튀김가루', '견과류', '간장', '고추장', '마늘', '청주', '생강즙', '딸기잼', '소금', '설탕', '물엿']"
소금닭꼬치,중복맞이 소금닭꼬치 만들기,"['닭고기 순살', '대파 흰부분', '소금', '후추', '올리브유']"
토마토닭조림,토마토 닭조림,"['닭고기안심', '감자전분', '방울양배추', '대저토마토', '양파', '생표고버섯', '애호박', '참나물', '산들애요리수', '백설안달루시아산올리브유', '산들애처음부터육수가쓰오', '다진마늘', '백설참기름', '소금', '후추', '물', '청주', '백미소된장', '베트남건고추']"
닭가슴살치킨텐더,바사삭 소리마저 맛있는 닭가슴살 치킨텐더 만들기,"['닭가슴살', '밀가루', '빵가루', '달걀', '다진마늘', '소금', '후추', '식용유']"
마가린통닭구이,마가린 통닭구이로 근사한 맥주안주 성공! 순삭 오븐구이,"['닭', '양파', '레몬', '또띠아', '마가린', '소금', '후추']"
닭발편육,닭발편육,"['뼈 없는 닭발', '밀가루', '소금', '청양고추', '양파', '마늘', '대파', '홍고추', '감초', '황기', '당귀', '오가피', '파뿌리', '파', '생강', '간장', '후춧가루', '소금', '고춧가루', '고운고춧가루', '흑임자', '깨']"
아몬드갈릭닭봉조림,[우리집 식탁] 아몬드 갈릭 닭봉조림,"['허브맛 솔트', '소금', '후추', '다진마늘', '진간장', '물엿', '참기름', '다진 홍고추', '슬라이스 아몬드', '통깨', '파슬리가루', '피클링 스파이스']"
닭가슴살찜닭,닭가슴살찜닭 만드는법,"['닭가슴살', '표고버섯', '대파', '감자', '양파', '청양고추', '홍고추', '간장', '올리고당', '다진마늘', '들기름', '후추', '굴소스', '맛술', '설탕', '물']"
간장닭봉구이,간장닭봉구이,"['닭고기 윗봉', '우유', '아몬드', '허브솔트', '월계수잎', '간장', '우스터스스', '맛술', '꿀']"
만능간장닭갈비,닭요리~~만능간장으로 닭요리 만들기,"['닭다리', '만능간장', '마늘', '아마씨']"
간장치킨텐더김밥,간장 치킨텐더김밥 도시락,"['닭안심', '달걀', '상추잎', '소금', '후추', '갈릭파우더', '간장', '설탕', '달걀', '마요네즈', '머스타드', '다진양파', '다진피클']"
사골곰탕닭백숙,"남은 백숙은 
감자닭곰탕으로~","['백숙남은거', '닭육수', '홍감자', '소고기다시다', '소금', '파']"
미역닭가슴살샐러드,미역 닭가슴살 샐러드 새콤하게 달콤하게 어떤 샐러드보다 맛있어요,"['불린 미역', '닭가슴살', '당근', '적양파', '잣', '올리브유', '화이트 발사믹식초', '발사믹글레이즈']"
마라닭발,#마라요리 #포장마차요리 #마라닭발만들기 #마라소스를 이용한 마라닭발!!혼밥혼술!,"['닭발', '된장', '통마늘', '통후추', '맛술', '불맛향미유', '마라소스', '통깨']"
양상추닭가슴살샐러드,[자취요리] 양상추 닭가슴살 샐러드(다이어트),"['양상추', '닭가슴살', '양파', '삶은병아리콩', '발사믹식초', '올리브유', '후추']"
닭발조림,매콤한 닭발조림 술안주로 인기짱!,"['닭발', '소주', '간장', '고추장', '고추가루', '다진마늘', '대파', '청양고추', '매실', '설탕', '맛술', '다진생강', '후추']"
마늘백숙,# 단백한 마늘 백숙#,"['닭', '간마늘', '양파', '찹쌀']"
닭강정치킨,간단한 간식! 닭강정 치킨!,"['닭가슴살', '튀김가루', '케찹', '고추장', '물엿', '다진마늘', '맛술', '소금', '후추', '식용유']"
로제닭갈비,그냥 맛있는 [로제닭갈비],"['닭정육', '떡볶이떡', '양배추', '당근', '양파', '대파', '감자', '고추장', '고춧가루', '로제 토마토소스', '후추']"
간장마늘닭가슴살볶음,대용량 반찬 초간단 간장마늘닭가슴살볶음 만드는법,"['닭가슴살', '당면 약', '간장', '물엿', '다진마늘', '양파', '물']"
해초닭가슴살샐러드,상큼하고 시원한 해초 닭가슴살 샐러드,"['닭가슴살', '말린해초', '오이', '오리엔탈 드레싱']"
치킨텐더모닝샌드위치,10분이내 초간단 맛있는 치킨텐더모닝샌드위치 만들기,"['냉동 치킨텐더', '양상추', '홀토마토', '모닝빵', '마요네즈', '허니머스터드', '식용유']"
간장양념닭갈비,간장양념 닭갈비 닭구이 순살 ,"['순살 닭고기', '식용유', '소금', '진간장', '올리고당', '맛술', '굴소스', '참기름', '다진마늘', '깨']"
꽃게깐풍기,꽃게깐풍기 만들어봤었요♡,"['절단 꽃게', '대파', '청량고추', '베트남고추', '양파', '튀김가루', '간장', '맛술', '올리고당', '찐 마늘', '후추', '깨소금', '식용유', '카놀라유']"
마삼계탕,한국의 대표 보양식 마 삼계탕,"['닭한마리', '장마', '찹쌀', '밤', '대추', '통마늘', '대파', '생강']"
파프리카청경채닭죽,[중기이유식] 파프리카청경채닭죽-면역력을 높여주는 이유식,"['우리 쌀', '닭고기(안심)', '파프리카', '청경채', '닭고기야채육수(닭다리살)']"
참싸리버섯닭가슴살볶음,닭가슴살 새송이버섯 볶음,"['닭가슴살', '새송이버섯', '피망', '양파', '다진마늘', '생강가루', '맛간장', '후추', '맛술', '소금']"
부추닭곰탕,부추 닭곰탕 레시피. 아이 부추 삼계탕 끓이는 법- 아이 입맛없을 때 보양식단. 닭볶음탕용 활용,"['닭볶음탕용 닭', '통마늘', '대파', '양파', '물', '소주 또는 맛술', '소금', '부추']"
한입닭강정,매콤한 국산 건고추로 만드는 매콤달콤 한입 닭강정★,"['닭봉', '견과류', '청주', '소금', '후추', '전분', '건고추', '간장', '설탕', '조청', '식초', '물', '후추']"
닭가슴살닭곰탕,담백한 닭가슴살 닭곰탕 ,"['닭가슴살', '무', '대파', '양파', '마늘', '통후추', '청주 또는 소주', '당면', '소금', '후추']"
치킨까스김치찌개,[해외자취Cook.feel通]127. 치킨까스 김치찌개 레시피 ,"['익은 배추김치', '치킨까스', '식용유', '물']"
닭다리살데리야끼치킨,닭요리~~닭다리 치킨데리야키 만들기,"['닭다리 7개', '다오네만능간장', '블루베리효소', '흑미식초', '완성된소스']"
치즈치킨너겟,고소한 향미가 넘쳐흐르네!! 그 와중에 치즈까지!? 치즈치킨너겟,"['닭안심 또는 닭가슴살', '두부', '피자치즈', '밀가루', '전분', '달걀', '소금', '후추']"
떡양념치킨,[남은치킨 활용] 떡양념치킨~만들어봤어요,"['남은치킨', '떡볶이떡', '고추장', '케챱', '올리고당', '식초', '양파', '마늘', '물', '참기름', '통깨', '쪽파']"
고추장닭구이,매콤달콤 고추장 닭구이,"['닭한마리', '라면', '고추장', '간장', '다진마늘', '설탕', '물엿', '맛술', '케첩', '양파간것', '물', '물녹말']"
닭똥집볶음라면,초간단 치킨너겟 볶음라면~*,"['라면', '대파조금', '치킨너겟', '올리브유']"
철판치즈닭갈비,#닭갈비 [철판치즈닭갈비],"['닭다리 정육', '양배추', '가래떡', '고구마', '양파', '대파', '깻잎', '당면', '치즈', '고추장', '고춧가루', '간장', '설탕', '물엿', '후추가루', '생강가루 또는 맛술', '참기름', '매실액', '다진마늘', '사과주스원액']"
녹두닭백숙,올 여름 녹두 보양식! 녹두 닭백숙 만들기!,"['토종닭', '흙애서녹두', '삼계탕 재료 티백', '황기', '양파', '통 마늘', '대파', '대추', '생강', '물']"
참치마요치킨덮밥,편의점 음식 간단하지만 맛있는 참치마요치킨덮밥 만들기,"['참치마요 삼각김밥', '편의점 치킨', '마요네즈']"
오리엔탈치킨샐러드,오리엔탈 치킨샐러드 만드는법,"['훈제닭가슴살', '파프리카 색깔별로', '양상추크게', '어린잎채소', '샐러리', '식빵', '다진양파', '레몬식초', '간장', '올리브오일', '들깨가루', '참기름', '올리고당', '달걀노른자']"
얼큰닭곰탕,닭곰탕 만드는법- 딸에게# 얼큰하게~,"['닭', '통후추', '양파', '대파', '마늘', '대파', '고추가루', '소금']"
쌍화탕닭죽,한방닭죽 l 편의점 재료로 만드는 건강냄새 물씬 풍기는 쌍화탕닭죽! ★,"['닭가슴살', '밥', '한방음료', '김']"
아코디언두부닭가슴살샐러드,HACCP 인증 제품으로 만든 건강한 레시피 /아코디언 두부 닭 가슴살 샐러드 ~ / [건강하고 맛있는 한 끼!!],"['HACCP인증 제품 두부', 'HACCP 인증 제품 닭가슴살', 'HACCP인증 제품 구운 계란', '아보카도 조금', '브로콜리 조금', '방울토마토', '양상추', '애호박 조금', '당근 조금', '가지 조금', '양파', '마늘', '청양 고추', '쪽파', 'HACCP 인증 제품 소금', '올리브유', 'HACCP인증 제품 진간장', '레몬즙', '겨자', '꿀', '마늘', '청양고추', 'HACCP인증 제품 후추']"
새우깐풍기,깐풍새우 새우깐풍기 만들기,"['새우살', '대파', '양파', '노란 파프리카', '빨간 파프리카', '청양고추', '식용유', '파슬리가루', '밀가루', '튀김가루', '물', '다진 마늘', '설탕', '식초', '진간장', '굴소스', '케첩', '물']"
콘치즈불닭볶음면,서진이네 불라면 콘치즈 불닭볶음면 야식 추천,"['불닭볶음면', '캔옥수수', '마요네즈', '설탕', '파슬리가루']"
순살닭볶음탕,한입에 먹기 좋은 순살 닭볶음탕,"['닭다리살', '호박고구마', '양파', '쪽파', '물', '고추장', '고춧가루', '진간장', '설탕', '올리고당', '다진마늘', '생강가루', '후추']"
치킨마요고로케,에어프라이어로 치킨마요 고로케를 만들어 봅시다!,"['강력분', '드라이 이스트', '소금', '설탕', '무염버터', '탈지분유', '달걀', '물', '건식 빵가루', '물', '치킨 통조림', '캔 옥수수', '설탕', '소금', '꿀이나 올리고당', '후추', '마요네즈', '치즈 다져서']"
간장치킨너겟,너무 간단해서 당황해버린 간장 치킨너겟 레시피,"['치킨너겟', '진간장', '설탕', '올리고당', '다진마늘', '맛술', '물', '매실액']"
느타리버섯깐풍기,"느타리버섯 깐풍기, 손쉽고 맛있게","['참느타리버섯', '꽈리고추', '양파', '건고추', '청고추', '채 썬 생강', '찹쌀가루', '전분', '물', '계란 흰자', '식용유', '소금', '고추기름', '식초', '간장', '맛술', '설탕', '올리고당']"
치킨무볶음밥,편스토랑 정상훈 치킨무볶음밥 달걀 2개 넣기! 유자단무지,"['즉석밥', '치킨무', '달걀', '소금', '식용유', '단무지', '유자청', '식초', '파']"
치킨마요오믈렛,치킨마요 오믈렛,"['햇반컵반치킨마요덮밥', '달걀', '비비고무말랭이', '비비고칩오리지널', '쪽파']"
밥솥삼계탕,전기 밥솥으로 만드는 여름 보양식 닭다리 삼계탕,"['닭다리', '찹쌀', '인삼', '대추', '마늘', '삼백초', '송송 썬 부추', '물', '소금', '후춧가루']"
닭갈비양념장,맛보장~ 닭갈비양념장 황금비율레시피!,"['소주', '고추가루', '다진마늘', '다진생강', '간장', '올리고당', '설탕', '후추가루']"
치즈닭발핫도그,매콤하고 맛있는 치즈닭발 핫도그 만들기!,"['닭발', '핫도그', '피자치즈']"
치킨까스마늘카레덮밥,경기미참드림 갓 지은 쌀밥에 바삭한 치킨까스와 비밀소스 치킨까스마늘카레덮밥,"['닭다리살 1팩', '소주', '맛소금', '맛술', '마늘', '후추', '튀김가루', '계란흰자', '빵가루', '경기미참드림쌀', '물', '식용유', '파슬리가루', '우유', '물', '마늘', '카레가루', '소고기스프가루']"
만능간장닭도리탕,닭볶음탕 황금레시피~~만능간장으로 닭볶음탕 황금레시피 만들기,"['닭', '만능간장', '간장', '고추가루', '고추장', '당근', '감자', '양파']"
치킨마요밥버거,치킨마요 밥버거 남은치킨활용해서 만들기,"['밥(갓 지은)', '치킨 남은거', '스위트콘', '슬라이스치즈', '대파', '소금', '후춧가루', '스위트칠리소스', '깨', '김가루', '단무지', '계란', '참기름', '마요네즈', '볶음김치']"
닭다리닭볶음탕,닭다리닭볶음탕만들기 :: 고구마넣어 달콤하게 쫀득한 조랭이떡사리랑~,"['닭다리', '조랭이떡', '고구마', '양파', '당근', '대파', '청양초', '물엿', '물', '간장', '설탕', '올리고당', '청주', '다진마늘', '후추약', '고추장', '고춧가루']"
간장콜라닭조림,콜라로 만드는 닭조림 /간장콜라닭조림 /남은콜라활용법/ 맥주안주,"['닭고기', '감자', '양파', '대파', '피망', '청양고추', '콜라', '물', '간장', '다진마늘', '생강', '맛술', '후추', '참기름', '깨소금', '물', '우유']"
콘치즈치킨까스,닭가슴살 요리 콘치즈치킨까스 만들기,"['닭가슴살', '스위트콘', '모짜렐라 치즈', '마요네즈', '달걀', '밀가루', '빵가루', '블랙올리브', '토마토스파게티소스', '통조림 과일', '물']"
마늘간장소스닭봉구이,집에서 건강한 재료로 만든 에어프라이 닭봉구이 ㅣ 마늘 간장소스 닭봉구이,"['닭봉', '진간장', '다진마늘', '후추', '다진청양고추', '올리고당']"
노오븐양념치킨,NO 오븐~ 닭구이 (뼈없는 닭다리구이)- 딸에게#,[]
문어닭백숙,비주얼 깡패 문어닭백숙 만드는 법,"['닭', '문어', '부추', '통마늘', '대추', '백숙 약재']"
버섯와인닭조림,버섯 와인 닭조림,"['토종닭', '백일송이', '베이컨', '그린빈스', '브로콜리', '빨강파프리카', '노랑파프리카', '양파', '박력분', '레드와인', '마늘', '소금', '후추', '올리고당']"
케이준치킨샐러드,케이준치킨샐러드 ,"['닭고기안심', '샐러드', '계란', '밀가루', '빵가루', '방울토마토', '소금', '후추가루']"
파닭개장,파닭개장 만들기♤,"['닭', '대파', '양파', '진간장 또는 국간장', '맛술', '다진마늘', '고춧가루', '꽃소금', '멸치액젓', '다시다', '식용유', '후추', '육수 또는 물']"
유아식닭꼬치,아기 닭다리살 고기 구이 유아식 닭꼬치 만들기 w.데리야끼소스,"['닭다리살', '우유', '파프리카 각', '양파', '미니 새송이버섯', '물엿', '간장', '맛술', '물']"
치킨무석박지,통닭 시키면 따라오는 치킨무의 변신. 치킨무 석박지 요리법,"['치킨 무', '멸치액젓', '고추가루']"
짜장치킨덮밥,짜장치킨 덮밥ㅡ경기미 참드림,"['경기미참드림 쌀밥', '춘장', '양배추', '양파', '생수', '닭안심', '오이', '대파', '식용유', '감자전분', '감자전분', '물', '올리고당', '닭굽는 식용유']"
마사과녹두닭죽,완료기이유식 마사과녹두닭죽,"['쌀', '녹두', '마', '사과', '닭고기 육수']"
마늘닭강정,맥주안주 고민이십니까♥마늘닭강정,"['닭다리살(정육)', '소금', '후추', '마늘', '청양고추', '홍고추', '튀김가루', '식용유', '튀김가루', '물', '고추장', '물엿', '간장', '칠리소스', '다진마늘', '물', '후추']"
오렌지닭봉구이,오렌지 닭봉구이,"['닭봉', '오렌지', '우유', '다진마늘', '소금', '후춧가루', '오렌지 주스', '설탕', '식초', '물엿', '굴소스', '핫소스', '물']"
녹두도라지닭백숙,녹두도라지닭백숙,"['닭한마리', '녹두', '은행', '대추', '인삼가루', '건도라지', '통마늘']"
닭다리삼계탕,닭다리 삼계탕 만들기~!!,"['닭다리만으로', '대파', '소주', '양파', '마늘', '후추', '소금']"
허니버터닭강정,매콤달콤 허니버터닭강정♬,"['닭', '감자전분', '찹쌀가루', '검은깨', '간장', '소금', '맛술', '청주', '다진마늘', '후추', '버터', '다진마늘', '케찹', '고추장', '간장', '맛술', '딸기쨈', '꿀', '버터', '호두 혹은 아몬드', '식용유']"
치킨샐러드빵,남은 치킨으로 만드는 치킨샐러드빵,"['치킨', '식용유', '다진마늘', '핫소스', '케첩', '올리고당', '후추', '채썬 양배추', '마요네즈', '씨겨자', '올리고당', '모닝빵']"
닭가슴살볶음밥그라탕,닭가슴살 볶음밥 그라탕 ,"['닭가슴살', '양파', '새송이버섯', '파프리카', '밥', '버터', '피자치즈', '토마토 스파게티 소스', '우스터소스', '소금', '후추']"
발사믹식초닭가슴살스테이크,닭가슴살 요리 / 발사믹식초 닭가슴살 스테이크,"['양파', '컬리플라워', '닭 가슴살', '올리브오일', '버터', '소금', '발사믹식초', '설탕', '오레가노', '후춧가루']"
부추삼계탕,부추삼계탕 끓이는 법,"['영계닭', '삼계탕 약재', '찹쌀', '마늘', '부추', '소금', '고추가루', '간장', '식초', '올리고당', '연겨자', '통깨', '다진양파', '간장', '식초', '올리고당', '연겨자', '통깨', '다진양파']"
불닭볶음면오믈렛,불닭볶음면 X 짜왕,"['짜왕', '불닭볶음면', '대파', '다진돼지고기', '식용유', '후추', '체다 치즈']"
두부치킨샌드위치,두부치킨샌드위치 # 초간단 겨울간식 #,"['닭고기살', '두부', '느타리버섯', '피망', '파', '밀가루', '식빵', '체다치즈', '허브솔트', '토마토스파게티 소스']"
누룽지닭죽,(누룽지닭죽) 닭가슴살 통조림으로 만드는 10분 레시피 누룽지 닭죽,"['닭가슴살통조림', '애호박', '당근', '양파', '양송이', '후추', '간장', '참기름']"
불고기양념치킨,♥[더비비고] 차돌&불고기 양념치킨,"['더비비고차돌우렁강된장', '후라이드치킨', '대파', '통마늘', '견과류']"
허브양념치킨,허브 요리 / 허브 닭구이,"['닭', '소금', '후춧가루', '이탈리안 파슬리', '바질잎', '로즈마리 줄기', '올리브 오일', '버터']"
데리야끼치킨윙,"맛있는 부위로 만든
데리야끼양파 윙치킨","['닭윙', '소주', '소금', '후추', '양파', '아몬드가루', '데리야끼소스', '맛술', '마늘', '올리고당']"
능이닭백숙,<신혼요리> 능이닭백숙 야들야들하게 끓이기!! /백종원 닭백숙 부추양념장,"['양파', '대파', '통마늘', '백숙용 닭', '부추', '대파', '다진마늘', '간장', '식초', '연겨자', '고춧가루', '닭육수']"
고사리닭개장,알토란 고사리닭개장 유현수레시피 닭다리살 육개장 feat. 메밀가루 ,"['닭다리살', '건고사리', '대파', '양파', '메밀가루', '통후추', '굵은 소금', '물', '다진 마늘', '국간장', '들깨가루', '쪽파']"
닭가슴살볶음탕,닭가슴살볶음탕,"['닭가슴살', '당근 작은크기', '감자', '양파', '파', '간장', '매실액', '올리고당', '후추', '다진마늘', '맛술', '참기름', '고춧가루']"
에어프라이어통닭구이,<에어프라이어 통닭 구이|누쉽만 레시피>,"['생닭', '허브솔트']"
인삼녹두삼계탕,여름 보양식''인삼 녹두 삼계탕''으로 체력보강!!,"['삼계탕 닭', '인삼', '찹쌀', '녹두', '대추', '통마늘', '월계수잎', '양파', '대파', '소금', '후추가루']"
파인애플닭가슴살볶음,훈제닭가슴살파인애플샐러드 ,"['훈제닭가슴살(200g)', '파인애플통조림', '적양파', '양상추', '치커리', '새싹', '파인애플', '파인애플즙', '마요네즈', '허니머스타드', '파슬리가루', '다진적양파', '후추']"
날치알닭가슴살볶음밥,톡톡 터지는 식감이 매력적인 날치알 닭가슴살 볶음밥,"['날치알', '닭가슴살', '곤약 현미밥', '애호박', '당근', '대파', '청양고추', '묵은지', '버터', '어간장', '소금 적당히', '코코넛오일', '식초 또는']"
매운닭볶음탕,매운 닭볶음탕 만들기,"['닭(토막낸것)', '양파', '청양고추', '감자', '양배추', '간장', '매실원액', '설탕', '다시마', '다진생강', '후추', '물', '말린홍고추', '고추장', '고춧가루', '다진마늘', '설탕', '참기름', '산초가루']"
미나리닭가슴살볶음밥,향긋한 봄나물 다이어트 미나리닭가슴살볶음밥 만들기,"['닭가슴살', '미나리', '달걀', '밥', '굴소스', '대파', '식용유']"
단호박닭가슴살샐러드,단호박 닭가슴살 샐러드,"['상추', '단호박', '계란', '닭가슴살', '방울토마토', '올리브오일', '발사믹식초', '레몬청']"
크렌베리치킨샌드위치,건강한 초간단 브런치 크렌베리 치킨샌드위치,"['식빵', '닭가슴살', '상추', '크렌베리', '아몬드 슬라이스', '토마토', '월계수잎', '플레인 요거트', '마요네즈', '소금', '레몬즙', '머스타드소스']"
닭꼬치볶음,[도시락반찬]닭꼬치볶음,"['닭 꼬치', '송화버섯', '양파', '당근', '데리야끼소스', '물']"
오븐닭강정,"윤식당 닭강정,닭강정,먹다남은치킨활용,남은치킨,닭강정,닭강정소스,간장닭강정,윤식당","['순살치킨', '간장', '설탕', '다진마늘(베라스푼)', '물엿', '깨']"
닭곰탕소면국수,시판 닭곰탕 소면 국수 만들기,"['시판 닭곰탕', '소면', '대파', '후추']"
미트볼불닭볶음면,불닭볶음면끓이기,"['소고기', '간장']"
고추장치킨스테이크,고추장치킨스테이크 ,"['닭다리살', '토마토', '볶음고추장', '물', '바질가루', '볶음고추장']"
방울양배추치킨스테이크,방울양배추 치킨스테이크,"['닭가슴살', '방울양배추', '피망', '방울토마토', '아스파라거스', '소금', '후추', '데리야끼소스', '굴소스', '올리브유']"
치킨스테이크라타투이,"치킨스테이크만들기, 라타투이만들기 치킨스테이크라타투이","['닭다리살', '올리브오일', '허브솔트', '케이준가루', '마늘가루', '버터', '크러쉬페퍼', 'A1스테이크소스', '굴소스', '진간장', '미림', '머스터드', '케찹', '물엿', '물', '마늘분', '전분', '물', '\u200b토마토소스', '양파', '마늘', '파프리카', '건바질', '생바질잎', '버터', '소금', '후추', '가지', '애호박', '토마토', '올리브오일', '소금', '후추', '파마산치즈']"
인삼오골계백숙,"무더운 중복 이겨내기
인삼오골계백숙&귀리닭죽","['오골계', '한방재료', '말린 파뿌리', '인삼', '마늘', '통후추', '우유', '귀리', '만송이버섯', '당근', '양파', '부추', '파', '소금', '후추', '통깨']"
닭갈비덮밥,닭가슴살 닭갈비덮밥 만들기,"['닭가슴살', '양배추', '파', '깻잎', '간장', '맛술', '다진마늘', '고추장', '설탕', '고춧가루']"
닭봉깐풍기,"닭봉깐풍기, 튀기지 않고 간단한 닭봉요리","['닭봉', '대파', '건고추', '파프리카', '마늘', '간장', '굴소스', '맛술', '설탕', '식초', '전분', '물']"
치킨너겟또띠아,치킨너겟 또띠아 ,"['너겟', '올리브오일', '또띠아', '마요네즈', '피망', '방울토마토', '채썬 모짜렐라치즈']"
구운닭가슴살샐러드,구운 알감자 샐러드,"['알감자', '자색고구마', '올리브유', '소금', '후추', '로즈메리', '메이플시럽']"
가래떡깐풍기,깐풍기,"['닭다리살', '후추', '진간장', '달걀흰자', '불린 전분', '식용유', '닭 육수', '진간장', '굴소스', '설탕', '식초', '후추', '다진대파', '다진마늘', '다진생강', '맛술', '진간장', '건고추', '홍고추', '청고추', '참기름']"
레몬치킨샐러드,레몬 치킨샐러드 ,"['닭안심살', '우유', '어린잎채소', '레몬청', '식초', '소금', '후추', '다진마늘', '버터']"
안동찜닭,안동찜닭 황금레시피 / 안동찜닭 만들기,"['닭', '간장', '커피', '올리고당', '설탕', '다진마늘', '후추', '참기름', '닭', '감자', '당근', '당면', '대파', '청양고추', '홍고추']"
로제찜닭,로제찜닭,"['닭다리살', '우유', '소금', '후춧가루', '식용유', '통마늘', '고구마', '납작당면', '토마토소스 170g', '고추장', '생크림 또는 쿠킹크림']"
카레닭봉구이,"파티에 로스트치킨이 빠질 수 없지, 에어프라이어 카레닭봉구이","['닭봉', '우유', '카레가루', '소금', '맛술', '물엿', '홀그레인머스터드', '다진마늘', '올리브유', '후추가루']"
치킨너겟컵밥, 닭갈비 컵밥.. 닭갈비로 혹은 컵밥으로...,"['닭다리순살', '양파', '파', '마늘', '생강', '양파요리당', '밥', '고추장', '고운고춧가루', '맛간장', '매실액', '청주', '꿀', '후추', '참기름', '깨', '만능매운장 듬뿍', '홈메이드맛술', '꿀', '후추', '참기름', '깨']"
시금치닭죽,시금치 닭죽 #친정엄마레시피 (다이어트용이나 몸보신 용으로도 좋아요),"['쌀', '찹쌀', '익힌 닭가슴살', '시금치', '간이되어있는 시판 사골국물', '양파', '당근', '새송이버섯', '물', '참기름', '소금', '후추', '깨소금']"
김치닭조림,매운 김치닭조림 얼큰 칼칼하게 만들기,"['생닭', '김치', '멸치육수', '기름', '양파', '감자', '당근', '청양고추', '홍고추', '대파', '고추장', '간장', '맛술', '올리고당', '매실액', '고춧가루', '다진 마늘', '참기름', '후추']"
치킨텐더스낵랩,치킨텐더 스낵랩,"['또띠아', '치킨텐더', '양상추', '칠리소스', '마요네즈', '머스터드소스']"
들깨닭곰탕,삼계탕과는 다른맛~ 들깨 닭곰탕,"['손질한 닭한마리', '물', '대파', '국간장', '들깨가루', '다진마늘', '감자', '쪽파', '청양고추']"
케이준치킨샌드위치,맛있는 케이준치킨 샌드위치 만들기 베이글 샌드위치 레시피,"['베이글', '케이준 치킨', '양상추', '청상추', '양파', '토마토', '체다치즈', '허니머스타드', '딸기잼']"
대파닭꼬치,대파 닭꼬치 만드는 법 오븐 닭꼬치 대파 닭꼬치 레시피 캠핑요리 닭요리 술안주,"['닭가슴살', '미림', '생강가루', '후추', '소금', '대파', '마늘', '고추장', '고춧가루', '진간장', '토마토 케첩', '올리고당', '통깨', '나무꼬치']"
마늘간장닭꼬치,마늘간장 닭꼬치,"['닭다리살', '양파', '파프리카', '표고버섯 작은것으로', '대파', '간장', '다진마늘', '후추', '고춧가루', '설탕', '미림']"
고구마닭도리탕,둥근당면 고구마 닭볶음탕!,"['닭 볶음탕용', '고구마', '둥근 당면', '깻잎', '청양고추', '월계수잎', '고추장', '고추가루', '다진마늘', '진간장', '올리고당', '설탕', '후추가루', '생강술(200ml)', '참기름', '통깨']"
매콤순살간장찜닭,매콤 순살 간장 찜닭 레시피 찜닭 양념,"['닭다리살', '청양고추', '대파', '양파', '당면사리', '노추', '진간장', '올리고당', '다진마늘', '굴소스']"
두부닭강정,두부 닭강정 ,"['닭가슴살', '두부', '찹쌀가루', '식용유', '견과류', '간장', '케찹', '올리고당', '미림', '물', '참기름', '다진마늘']"
단호박닭죽,닭죽,"['생닭', '삼계탕재료', '낙지', '전복', '부추', '양파', '버섯', '당근', '애호박', '마늘']"
한방백숙,닭다리 한방백숙 만들기,"['닭다리', '양파(대)', '통마늘', '감초', '대추', '엄나무']"
버섯닭죽,버섯닭죽 만들기 양송이버섯 닭가슴살로 닭가슴살영양죽 만드는 방법,"['찹쌀', '마늘', '닭가슴살', '참기름', '간장', '소금', '양송이버섯']"
참치단호박깐풍기,참치 단호박 깐풍기,"['참치', '단호박', '빨강미니 파프리카', '양파', '마늘', '전분', '기름', '간장', '식초', '매실청', '대추 조청 물엿', '기름']"
간장전복찜닭, 간장전복찜닭 만들기,"['닭', '전복', '양파', '파', '청양고추', '감자', '고구마', '당근', '참기름', '다진마늘', '송송 써 파', '간장', '물', '설탕', '다진생강']"
치즈닭갈비떡볶이,치즈닭갈비떡볶이!,"['닭갈비 시판용', '떡볶이떡', '양파', '양배추 자른것', '대파', '깻잎', '모짜렐라치즈', '같이 들어있는 양념장', '진간장', '설탕']"
꽈리고추닭가슴살볶음,밑반찬 꽈리고추닭가슴살볶음,"['꽈리고추', '닭가슴살', '양파', '마늘', '마른청양고추', '오일', '굴소스', '올리고당', '진간장', '맛술', '참기름', '설탕', '다진마늘', '후추']"
치즈불닭발,"매콤한 닭발 치즈에 찍어 드세요~ 치즈불닭발, 닭발, 불닭발","['뼈없는 닭발', '물', '월계수', '통후추', '마늘', '고추가루', '청양고추가루', '고추장', '청주', '간장', '매실청', '올리고당', '참기름', '후추', '다진마늘', '대파 흰부분', '식용유', '피자치즈']"
바베큐옛날통닭구이,에어프라이어 바베큐 옛날통닭구이 파닭치킨 안주요리추천,"['중간 닭', '허브솔트', '올리브유']"
닭가슴살닭강정,닭가슴살 닭강정 만들기,"['닭가슴살', '식용유', '맛술', '카레가루', '다진 마늘', '소금', '후추', '튀김가루', '전분가루', '물', '식용유', '진간장', '설탕', '올리고당', '케첩', '고추장', '다진 마늘', '물']"
둥근마백숙,둥근마 장아찌무침,"['둥근마 장아찌', '설탕', '고춧가루', '파', '깨', '참기름']"
냉이닭볶음탕,봄 향기 가득 매콤한 냉이 닭볶음탕 끓이기,"['닭', '감자', '당근', '양파', '대파', '통마늘', '봄 냉이', '고추장', '고추가루', '진간장', '소주', '매실액', '다진마늘', '설탕', '후추', '생강', '소주']"
시금치치킨스테이크,시금치치킨스테이크,"['닭고기 가슴살', '시금치', '페타치즈', '파마산치즈', '스모크치즈', '시즈닝', '올리브유']"
갈릭로스트치킨,갈릭 로스트치킨,"['닭', '소금', '맛술', '후춧가루', '레몬즙', '다진마늘', '올리브유']"
양송이버섯깐풍기,표고버섯 깐풍기 만들기,"['표고버섯', '양파', '대파', '청양고추', '식용유', '튀김가루', '전분', '물', '간장', '설탕', '식초', '다진 마늘']"
치킨깐풍기,치킨깐풍기,"['치킨봉', '통마늘', '고춧가루', '대파', '다진마늘', '쪽파', '진간장', '두반장', '설탕', '식초']"
삼계탕리조또,연어 리조또 만들기 크림 리조또 아기 리조또,"['밥', '연어', '양배추잎', '양파', '우유', '다진 마늘', '소금', '후춧가루', '식용유']"
간장치킨볶이,"간장치킨,오븐구이 간장치킨",[]
순살닭갈비볶음면,순살 닭갈비 볶음면 양념장 레시피 만들기,"['순살 닭 다리살', '간장', '고추장', '청주', '설탕', '다진 마늘', '고춧가루', '후추', '참기름', '식용유', '양배추', '청양고추', '대파', '양파', '라면']"
마늘닭봉구이,마늘 닭봉구이,"['닭봉', '우유', '다진마늘', '소금', '후추', '식초', '꿀', '청주']"
닭가슴살불닭볶음밥,닭가슴살 불닭 볶음밥 레시피,"['밥', '닭가슴살', '양파', '청양고추', '깻잎', '마요네즈', '고춧가루', '다진 마늘', '맛술', '간장', '고추장']"
수삼닭곰탕,초복 음식 수삼 닭곰탕 ,"['12호 닭', '6년근 수삼', '마늘', '대파', '물', '국간장', '소금', '후추']"
매콤닭강정,매콤닭강정!!!,"['닭가슴살', '모짜렐라치즈', '옥수수캔', '쪽파', '당근', '파슬리가루', '계란흰자', '고추장', '간장', '설탕', '올리고당', '케찹', '다진마늘']"
매콤마요치킨볶음밥,매콤마요치킨볶음밥,"['매콤마요 치킨', '밥', '달걀', '소금', '후춧가루', '식용유', '오레가노', '파슬리가루']"
누룽지닭곰탕,누룽지 닭곰탕 보양식으로 만들었어요,"['생닭', '소주', '인삼', '양파', '통마늘', '편생강', '소금', '후추', '밥(누룽지)', '실파']"
버터닭구이,주말요리 아이들 어른 다 좋아하는 맛~버터닭구이&양념소스,"['닭봉', '소주', '맥주', '통후추', '월계수잎', '맛소금', '후추', '버터', '고추장', '고추가루', '케찹', '올리고당', '마늘', '통깨']"
단호박닭도리탕,단호박 닭도리탕,"['닭', '단호박', '당근', '천연조미료', '소금', '간장', '다진 마늘', '고추장', '후추', '물', '고추가루']"
매운치킨스테이크,매운 치킨 스테이크 -부드럽고 촉촉한Spicy Chicken Steak,"['닭가슴살 약', '땡초 가루', '파프리카 가루', '소금', '할라피뇨', '고구마', '양파', '마늘', '물', '후추']"
옻녹두오리백숙,옻 녹두 오리 백숙 만들기 레시피 ,"['물', '엄나무', '옻나무', '건 양파껍질', '건 파뿌리', '오리', '밤', '마늘', '녹두', '찹쌀', '굵은 소금']"
맑은닭개장,냉동닭가슴살 닭다리 닭곰탕 만들기 맑은닭개장 만드는법,"['닭가슴살', '닭다리', '닭육수', '양파', '대파', '통마늘', '소금']"
구운양념치킨,집에서 구운 양념치킨 만들기 구운치킨 양념치킨소스 레시피,"['닭 볶음용 1팩', '식용유', '다진 마늘', '대파', '설탕', '고추장', '케첩', '간장', '청주', '매실청', '통깨']"
묵은지닭도리탕,강황가루넣은 묵은지 닭도리탕,"['생닭', '묵은지', '감자', '청고추', '홍고추', '대파', '월개수잎', '통후추', '고추가루', '고추장', '강황가루', '간장', '매실액', '다진마늘', '생강술', '설탕', '후추', '다시마', '멸치']"
양념닭갈비낙지볶음,#양념닭갈비요리 #낙지요리 #양념닭갈비낙지볶음만들기 #닭갈비낙볶음 #닭과낙지의조화,"['닭 다리살', '절단낙지', '새우장양념', '대파', '양배추', '소주', '전분가루']"
닭도리탕단호박찜,색다른 요리 레시피 닭도리탕 단호박찜(닭단) 독특하고 맛있어요!,"['닭다리', '단호박 큰거', '파', '청양고추', '양파', '월계수잎', '간장', '고추가루', '올리고당', '다진마늘', '고추장', '미림', '참기름']"
들깨오리백숙,옻오리백숙,"['오리', '옻나무', '송이버섯', '마늘', '대추', '간장', '식초', '다진마늘', '설탕']"
허브닭구이,허브 요리 / 허브 닭구이,"['닭', '소금', '후춧가루', '이탈리안 파슬리', '바질잎', '로즈마리 줄기', '올리브 오일', '버터']"
고구마찜닭,달콤한 고구마와 탱글탱글 넓적당면의 만남! 고구마 찜닭(feat.넓적당면),"['닭', '마른 고추', '청양 고추', '양파', '중간 크기 고구마', '당근', '청경채', '깻잎', '넓적 당면', '육수', '맛술 미림', '간장', '올리고당', '흑설탕', '다진 마늘', '다진 생강', '참기름', '후추', '맛술 미림']"
카레찜닭,카레찜닭 ,"['닭볶음탕용 닭', '당근', '양파 큰것', '가지', '방울토마토', '아삭이고추', '청양고추', '견과류', '마늘', '카레가루', '허브솔트', '후추', '우유', '올리브오일']"
케이준치킨텐더,"케이준치킨, 케이준치킨샐러드","['닭가슴살', '파슬리가루', '케이준', '허브솔트', '양상추', '치커리', '방울토마토', '샐러드야채', '밀가루', '달걀', '빵가루', '청피망', '홍피망', '양파', '피클', '마요네즈 or플레인요거트', '머스터드', '꿀', '식초 or레몬즙']"
리얼불닭볶음면,닭갈비와 리얼불닭볶음면,"['닭다리(닭북채)', '양배추', '떡볶이떡', '라면(스낵면사리)', '불닭 볶음소스', '고구마', '모짜렐라 치즈', '고추장', '고춧가루', '간장', '물엿', '참기름', '굴소스', '다진마늘', '후추', '맛술', '식초', '설탕', '카레가루', '송송 썬파']"
오리백숙칼국수,닭백숙 먹는날에는 닭칼국수는 필수!!,"['닭육수', '칼국수 면', '닭가슴살', '소금', '후추']"
뼈없는닭발,뼈 없는 닭발이 아주 끝내 줍니다!! 단골집 사장님이 슬쩍~ 알려주신 양념 비법!!,"['뼈없는닭발', '당근', '양파', '밀가루', '고추가루', '설탕', '진간장', '간마늘', '짜장가루', '굴소스', '케찹', '미림', '물엿', '청양고추가루', '참기름', '후추', '물']"
전복낙지삼계탕,"여름보양식 전복, 낙지로 해신탕! 전복낙지삼계탕","['영계', '꼬마전복', '낙지', '인삼', '대추', '통마늘', '소금']"
스팸치킨마요,스팸치킨마요,"['후라이드치킨', '양념치킨', '스팸', '공기밥', '대파', '마늘', '달걀', '진간장', '마요네즈', '우유']"
고구마닭볶음탕,고구마닭볶음탕!,"['닭', '고구마', '양파', '대파', '청양고추', '월계수잎', '통후추', '쌀뜨물', '고추장', '고추가루', '다진마늘', '진간장', '올리고당', '설탕', '후추가루', '생강술']"
간장치킨맛탕수육,남은 탕수육으로 만들어 보세요. 간장치킨맛 탕수육,"['탕수육', '간장', '맛술', '올리고당', '다진 마늘', '물', '후춧가루']"
닭가슴살볶음고추장,닭가슴살볶음고추장 ,"['닭가슴살', '양파', '다진마늘', '다진파', '고추장', '물', '맛술', '간장', '설탕', '꿀', '후추가루']"
딸기쨈양념치킨,딸기잼 스무디 만드는법 음료 홈카페 딸기스무디레시피 딸기잼 우유 초간단음료레시피,"['얼음', '우유', '딸기잼', '레몬즙']"
닭가슴살치킨너겟,닭가슴살 너겟 만들기 닭가슴살 치킨 너겟 레시피,"['닭가슴살', '양파', '다진마늘', '당근', '빵가루', '밀가루', '소금', '건조 마늘가루', '후추', '빵가루', '밀가루', '달걀']"
닭가슴살치킨까스샐러드,닭가슴살 치킨까스 만들기,"['닭가슴살', '밀가루', '계란', '빵가루', '식용유', '양파 小', '피클', '피클 국물', '올리고당', '마요네즈', '소금', '후추', '파슬리 가루']"
엔쵸비닭가슴살샐러드,꿀처 엔쵸비 닭가슴살샐러드,"['닭가슴살', '로메인', '양상추', '식빵', '엔쵸비', '계란노른자', '통후추(으깨서)', '통마늘', '마요네즈', '올리브오일', '식초', '설탕', '파마산치즈', '연겨자', '버터', '파슬리후레이크', '소금', '후춧가루']"
라면치킨샐러드,라면 치킨 샐러드,"['라면', '닭정육', '햄', '양파', '파슬리찹', '소금', '흰후추', '마요네즈', '치커리', '토마토다진것']"
전기통닭구이,전기통닭구이 온도 시간 에어프라이어 요리 영계 치킨 닭손질법,"['영계', '소금', '후추', '찹쌀', '마늘', '은행', '머스터드']"
전복삼계탕죽,전복삼계탕 죽♡,"['쌀', '감자', '당근', '애호박', '브로콜리', '후추', '맛소금', '참기름']"
닭발리조또,닭발리조또,"['닭발', '우유', '치즈', '고춧가루', '즉석밥']"
치킨까스카레덮밥,치킨까스 카레덮밥 만들기 ,"['감자', '양파', '당근', '닭가슴살(카레용)', '닭가슴살(치킨까스용)', '달걀', '카레', '물', '다진마늘', '소금', '후춧가루(카레용)', '밀가루', '빵가루', '소금', '후춧가루']"
카레치킨까스,카레치킨까스~,"['닭가슴살', '소금', '후추', '우유', '달걀', '부침가루', '카레가루', '빵가루', '파슬리가루', '다진마늘', '기름']"
토마토닭볶음탕,토마토 닭볶음탕,"['닭', '양파', '당근', '감자', '매운고추', '대파', '토마토', '간장', '생강술', '다진마늘', '고추장', '고추가루', '매실액', '생강청']"
새우닭가슴살볶음밥,#참드림#새우닭가슴살볶음밥,"['경기미 참드림', '닭가슴살', '칵테일새우', '버터', '달걀', '부추', '당근', '양파', '굴소스 또는 스파게티소스', '후춧가루', '통깨']"
베이글치킨샌드위치,베이글 치킨 샌드위치 만들기,"['베이글빵', '남은 치킨 또는 닭가슴살', '양상추', '오이', '토마토', '마늘', '양파', '소금', '후추', '허니머스타드or원하는소스', '간장', '설탕']"
치즈불닭갈비,"왕초보도 쉬운 요리, 만개의 레시피 치즈불닭갈비","['양념닭정육', '양배추', '양파', '대파', '건고추', '마늘', '청양초', '치즈']"
고추장닭고기덮밥,고추장 닭고기덮밥,"['닭가슴살', '고추장', '간장', '매실청', '마요네즈', '후추', '다진 양파', '다진 마늘']"
홍삼닭봉구이,홍삼 닭봉구이,"['닭봉', '통마늘', '양파', '기름', '전분', '허브솔트', '청주', '간장', '맛술', '홍삼밀원', '홍삼정옥고(10g)', '다진마늘']"
콩나물닭갈비,매콤하게 입맛돋우는 콩나물닭갈비 레시피,"['닭가슴살', '콩나물', '쪽파', '양파', '청양고추', '홍고추', '참기름', '깨', '고추장', '고춧가루', '간장', '설탕', '후추', '다진마늘', '맛술']"
전복백숙, 몸보신에 좋은 전복백숙 ,"['전복', '닭', '통마늘', '대추']"
들깨누룽지백숙,정식품 콩국물 들깨 누룽지 백숙,"['백숙용 닭고기', '정식품진한콩국물', '불린찹쌀', '한방재료팩', '대파', '양파', '통마늘', '대추', '인삼', '들깻가루', '소금']"
닭다리살닭곰탕,[여름 보양식] 닭다리살 닭 곰탕,"['닭다리', '대파', '월계수잎', '생강', '통후추', '통마늘', '맛술', '물', '후추', '액젓']"
비트치킨무,"비트와 무로 치킨무 만들었습니다. 비트요리, 비트치킨무","['비트', '무는 비트', '식초', '설탕', '소금', '물']"
닭목살깐풍기,맛보면 멈출 수 없는 닭목살 깐풍기,"['닭 목살', '맛술', '소금', '후춧가루', '간장', '설탕', '올리고당', '다진 마늘', '굴소스', '물', '식초', '양파', '베트남 고추']"
일본식닭고기덮밥,일본식 닭고기덮밥 오야코동 만들기,"['닭가슴살', '계란', '양파', '파', '쯔유', '물', '설탕', '소금', '후추']"
치킨가라아게덮밥,치킨가라아게 덮밥,"['밥', '닭고기', '깻잎', '가라아게파우더', '김가루']"
닭곰탕국수,닭곰탕 국수,"['참프레 닭곰탕', '소면', '파']"
치킨너겟바게트피자,노오븐 초간단 피자/치킨너겟 바게트피자,"['바게트빵', '모짜렐라치즈', '치킨너겟', '건크렌베리', '옥수수콘', '피망', '시판 토마토소스', '고추장', '올리고당', '발사믹식초', '올리브유', '후추와 기름', '갈릭디핑소스']"
치즈찜닭,치즈찜닭,"['비비고찜닭', '모차렐라치즈', '백설국산100%햇당면', '홍고추', '풋고추', '검은깨']"
낙지전복닭죽,닭죽,"['생닭', '삼계탕재료', '낙지', '전복', '부추', '양파', '버섯', '당근', '애호박', '마늘']"
닭꼬치라이스,남녀노소 누구나 다 좋아하는 초간단 닭꼬치 라이스,"['닭 안심살', '우유', '대파', '소금', '후추', '맛술', '다진 마늘', '청양고추', '데리야끼 소스', '간장', '올리고당', '설탕', '다시마 육수', '양파', '사과', '간장', '올리고당', '마늘', '생강', '홍고추']"
소금마늘닭똥집볶음,소금마늘 닭똥집 볶음 다이어트 음식 성장기 어린이 음식 포장마차,"['닭근위', '소금', '후추', '양파', '청양고추', '통마늘', '파', '식용유']"
샐러리닭가슴살볶음밥,매콤 샐러리 닭가슴살 볶음밥 만들기 다이어트 식단,"['잡곡밥', '닭가슴살', '샐러리', '양파', '대파', '고추기름', '맛술', '소금', '후춧가루', '고춧가루', '다진 마늘', '맛술', '간장', '고추장', '참기름', '통깨']"
양념치킨소스,양념치킨 소스,"['삼겹살', '고추장', '케챱', '간마늘', '고춧가루', '간장', '물엿']"
치킨텐더샐러드,치킨텐더샐러드 만드는법,"['치킨텐더', '샐러드용채소', '식용유', '마요네즈', '머스터드', '꿀', '우유', '양파간것', '레몬즙', '소금', '후추']"
간장마늘닭구이,간장 마늘 닭구이,"['절단 닭', '간장', '다진마늘', '맛술', '올리고당', '올리브유', '후추']"
통오리백숙,다향 통오리 백숙 만드는법,"['오리', '물', '황기 또는 가시오가피 또는 대추', '찹쌀', '마늘', '대파', '대추', '양파', '말린 표고버섯', '소금', '참기름', '후추', '소금', '참기름', '후추']"
데리야끼소스닭구이,데리야끼소스 치킨오븐구이,"['치킨봉 &날개', '데리야기소스', '통후추', '간장', '물', '설탕']"
총각김치닭볶음탕,복날음식 총각김치 닭볶음탕 만들기 총각김치 요리,"['총각김치', '닭', '청양고추', '대파', '간장', '고춧가루', '고추장', '다진 마늘', '설탕']"
광어간장치킨,[광어요리] 광어간장치킨 (생선 싫어하는 아이도 좋아하는 맛!),"['순살 광어', '튀김가루', '밀가루', '계란 흰자', '카레가루', '간장', '설탕', '올리고당', '맛술', '굴소스', '물', '소금', '후추']"
단호박닭볶음탕,단호박 닭볶음탕,"['닭볶음탕용 닭', '감자', '당근', '단호박', '새송이버섯', '양파', '대파', '진간장', '고추장', '설탕', '간마늘', '후추']"
냉동닭꼬치,냉동 닭꼬치! 맛있게 먹는 법,"['냉동 닭 꼬치', '모짜렐라치즈', '바베큐소스']"
닭곰탕미역국,닭곰탕미역국 만들기 ,"['불린미역', '육수재료 파뿌리', '피망 심', '대추', '닭볶음탕 닭', '국간장', '진간장', '참기름']"
마늘치킨볶음밥,마늘치킨볶음밥 레시피,"['순살치킨', '식용유', '다진마늘', '양파', '공기밥', '굴소스', '간장', '후추가루', '참기름', '통깨']"
매운간장닭강정,매운 간장 닭강정 만들기,"['닭다리', '후추', '소금', '튀김가루', '차가운 생수', '떡볶이떡(밀떡볶이떡)', '간장', '청주', '물엿', '설탕', '물', '다진마늘', '청양고추']"
피타브레드치킨샌드위치,피타브레드 치킨 샌드위치 만들기매쉬드포테이토 만들기,"['순살치킨', '피타브레드', '체다치즈', '감자', '우유', '연유', '후추', '버터', '소금', '크림치즈', '꿀', '레몬즙']"
치킨텐더또띠아롤,두가지 소스를 바른 치킨텐더또띠아롤,"['또띠아', '치킨 텐더', '양파', '양상추 잎', '파프리카', '할라피뇨 슬라이스', '홀그레인머스타드', '타르타르소스', '식용유', '방울토마토']"
방울토마토치킨샐러드,방울토마토샐러드,"['방울토마토', '양파', '파인애플통조림', '올리브오일', '식초', '설탕', '레몬즙', '매실청', '파슬리가루']"
닭가슴살볶음우동,닭가슴살 볶음우동,"['닭가슴살', '양파', '대파', '볶음우동면', '다진마늘', '볶음우동소스']"
닭가슴살볶음밥순대,순대볶음 황금 레시피. 다이어트에 좋은 닭가슴살 곤약 순대 볶음.,"['닭가슴살 순대', '양배추', '양파', '청량고추', '홍고추', '대파', '깻잎', '고추장', '고춧가루', '설탕', '간장', '간마늘', '생강술', '후추', '통깨', '들기름']"
춘천닭갈비,춘천닭갈비볶음!,"['춘천닭갈비', '양배추', '깻잎', '고구마', '누들떡볶이 밀떡', '고추가루', '소금', '참기름', '통깨']"
데리야끼치킨파스타,닭가슴살요리 데리야끼치킨파스타,"['닭가슴살', '스파게티면', '다진마늘', '굵은소금', '파슬리가루', '소금 /후추', '소금 /후추', '청주', '간장', '청주', '물', '설탕', '페페론치노', '녹말물']"
꽁치깐풍기,꽁치 깐풍기 만드는법,"['꽁치캔', '전분', '기름', '기름', '다진 홍파프리카', '다진 청 파프리카', '다진 노랑 파프리카', '다진 마늘', '간장', '식초', '매실청', '청주', '물엿', '물', '홍삼가루', '청주']"
우유불닭볶음면,[해외자취Cook.feel通]264. 우유불닭볶음면 레시피 (불닭볶음면/불닭볶음면 덜맵게/불닭볶음면 맛있게) ,"['불닭볶음면', '우유']"
매운치킨까스,매운 닭찜,"['크노르 칠리 시즈닝 소스', '닭', '물', '통감자', '양파', '당근', '황설탕', '간장', '대파', '표고버섯', '달걀', '마늘', '생강즙', '참기름', '은행']"
국물닭갈비,국물닭갈비~꼭 닭도리탕 같네요!,"['양념닭갈비', '양배추', '양파', '청양고추', '대파', '고구마', '고추가루', '국간장', '올리고당', '설탕', '후추가루', '다진마늘', '양념장', '생강술']"
인삼닭볶음탕,삼계도리탕 (인삼 닭볶음탕),"['닭고기', '양파', '감자', '대파', '인삼', '맛술', '소금', '후추', '간장', '고추장', '고춧가루', '매실액', '다진마늘', '설탕', '깨소금']"
찹쌀누룽지닭백숙,"말복엔 찹쌀 누룽지 닭백숙 으로 몸보신 해요 :) feat. (겨자소스, 누룽지닭죽)","['닭', '통마늘', '대파', '양파', '통후추', '삼계재료티백', '대추', '물', '찹쌀', '닭육수', '물', '양조간장', '장아찌간장', '청양고추', '연겨자']"
치킨너겟닭강정,치킨너겟 닭강정만들기 소스 양념치킨 간식 야식 안주,"['치킨너겟', '고추장', '간장', '고춧가루', '설탕', '올리고당', '후추', '물']"
닭봉찜닭,닭봉 찜닭..,"['닭봉', '감자', '당근', '양파', '대파', '넙적 당면', '찜닭양념', '참치액', '간장', '들기름', '다진마늘', '후춧가루', '참기름', '통깨', '통후추', '월계수잎', '맛술']"
치킨마요초밥,#남은치킨을 이용한 치킨마요초밥과 볶음참치김치초밥만들기 ,"['남은치킨', '마요네즈', '소금', '후추', '레몬즙', '야채참치', '볶음김치', '마요네즈', '오이', '밥', '식초', '설탕', '소금']"
감자꽈리고추닭볶음탕,감자꽈리고추닭볶음탕!,"['닭', '감자', '꽈리고추', '생강술', '고추장', '고추가루', '맛간장', '다진마늘', '올리고당', '설탕', '후추가루', '들기름 또는 참기름']"
팽이치킨너겟,편스토랑 한지혜의 팽이 치킨너겟,"['팽이버섯', '감자 전분', '계란', '진간장', '통후추', '다진 대파']"
닭다리데리야끼치킨,닭다리 데리야끼 치킨 ,"['닭다리', '우유', '허브가루', '소금', '후추', '데리야끼소스', '물', '설탕', '굴소스', '생강술', '올리고당', '참기름']"
닭곰탕떡라면,닭곰탕 떡라면,"['닭고기', '라면', '양배추', '당근', '대파', '떡국 떡', '라면 스프']"
마늘닭백숙,닭백숙 끓이는 법 닭백숙 소스 만들기(냄비 닭백숙 끓이는 법),"['닭 1마리', '대파', '양파 1개', '대파', '부추', '물', '진간장', '다진 마늘', '쪽파', '겨자', '황설탕', '고춧가루', '닭육수 또는 물']"
닭꼬치덮밥,닭꼬치덮밥 ) 반찬이 필요없는 완전 초단간 덮밥만들기~,"['밥', '닭 꼬치', '마요네즈', '김가루']"
양념닭꼬치,일품술안주 양념닭꼬치 만들기,"['닭고기', '대파 흰부분', '소금', '후추', '고추장', '케첩', '다진마늘', '굴소스', '진간장', '설탕']"
봉추찜닭,쿠쿠 화이트 3구 인덕션 초고온 기술을 활용한 봉추찜닭 만들기,"['납작당면', '토막닭', '양파', '감자', '당근', '대파', '청고추', '홍고추', '건고추', '청주', '간장', '콜라', '다진 생강', '다진마늘', '굴소스', '물엿', '후춧가루', '물']"
불닭발똥집볶음밥,#남은불닭발활용요리 #남은배달음식 #불닭발똥집볶음밥만들기 #남은배달음식볶음밥,"['주먹밥', '계란찜', '날치알', '계란', '조미김', '불닭발', '불똥집', '밥', '김칫국물', '참기름', '통깨']"
치킨까스또띠아롤,치킨까스 또띠아롤 만들기 /나들이도시락으로 좋은 또띠아롤 ,"['또띠아', '파프리카 노란', '파프리카 빨강', '양파', '치킨까스', '양상추', '토마토', '깻잎', '오이', '머스타드소스', '마요네즈', '칠리소스']"
김치치킨볶음밥,#치킨텐더를 넣어서 볶아낸 김치치킨볶음밥만들기,"['치킨텐더', '묵은지', '설탕', '달걀', '썬파', '참기름', '밥', '통깨']"
허니닭봉구이,어린이 반찬으로 좋은 허니닭봉구이 ,"['닭봉', '양파', '파', '마늘', '소금', '후추', '꿀', '식용유']"
수삼백숙,수삼백숙과 닭부추죽,"['닭', '쌀', '부추', '소금', '후추', '수삼', '대파', '월계수잎', '마늘', '생강', '통후추', '양파']"
단호박닭발볶음,단호박 닭발볶음,"['닭발', '밀가루', '홍차티백', '양파', '깻잎', '청양고추', '단호박', '고추장', '고춧가루', '다진마늘', '올리고당 or 물엿']"
단호박찜닭,단호박 찜닭 만드는법,"['닭', '물', '고구마', '단호박', '대파', '당면', '떡', '간장', '국간장', '굴소스', '다진마늘', '다진생강', '물엿', '마른홍고추', '후추']"
흑미야채닭죽,톡톡 터지는 맛으로 안먹으면 섭한 흑미야채닭죽,"['흑미', '백미', '양파', '당근', '부추', '파']"
퀴노아닭죽,퀴노아 닭죽 만들기. 퀴노아 요리. 닭요리.,"['닭', '퀴노아', '시금치', '다진당근', '브로콜리']"
전복낙지닭백숙,전복 낙지 닭백숙을 한꺼번에,"['토종닭', '전복', '쭈꾸미', '통마늘', '황기', '감초', '마른표고', '대추', '대파']"
감자치킨너겟, 감자 치킨 너겟,"['닭안심살', '소금', '후추', '다진마늘', '콘소메', '마요네즈', '설탕', '감자', '빵가루', '물', '밀가루']"
렌틸콩양념치킨,렌틸콩 삶는법!!! 렌틸콩샐러드 만들기~~~,"['렌틸콩', '샐러드야채', '계란', '오리엔탈드레싱']"
치킨너겟소스,치킨너겟 소스 만들기~*,"['머스타드소스', '마요네즈', '올리고당']"
구운치킨텐더,참기름에 구운 치킨 텐더,"['닭고기안심', '양파', '마늘', '핑크페퍼', '참기름', '참기름', '구운소금', '파프리카파우더', '후추']"
꿀간장닭조림,문성실님의 꿀간장닭조림 응용해봤어요.,"['닭 윗봉 날개', '고구마 작은 것', '버터', '간장', '물', '맛술', '꿀', '생강가루', '다진마늘', '참기름', '깨소금', '청양고추', '실파']"
아기닭곰탕,아기 닭곰탕 만들기 닭다리 곰탕 레시피 무 닭곰탕 깔끔하고 담백하게 끓여요!,"['닭다리', '양파', '육수용 대파', '고명용 대파', '마늘', '무', '물', '소금', '후추']"
불닭발면,화끈하게 이열치열! 불닭발면&콘치즈주먹밥,"['까르보 불닭볶음면', '편의점 닭발', '햇반', '옥수수콘', '모짜렐라 치즈', '조미김']"
족발맛닭발,#최애 반찬# 족발맛 닭발(눈감고먹으면 족발?),"['닭발', '국간장', '황설탕', '물엿', '굴소스', '대파', '마늘', '생강', '팔각', '통후추', '계피가루', '월계수잎', '소주']"
크림소스닭가슴살스테이크,크림소스 닭가슴살 스테이크 만들기,"['수비드 닭가슴살', '단호박', '새싹채소', '버터', '다진양파', '버터', '밀가루', '우유', '생크림', '월계수잎', '소금', '후춧가루']"
마늘쫑닭가슴살볶음,5분완성! 마늘쫑(마늘종)볶음 만들기 ,"['마늘쫑', '진간장', '고추가루', '다진마늘', '올리고당', '깨']"
토마토닭고기덮밥,홀토마토로 만들어본 토마토 닭고기 덮밥,"['홀토마토캔', '닭다리', '밥', '소금', '후추', '월계수잎', '설탕']"
꽈리간장치킨,"편스토랑, 어남선생 만원치킨 5탄! 꽈리간장치킨","['볶음용 닭고기', '꽈리고추 약', '볶음용 멸치', '대파', '통마늘', '소금', '통깨', '참기름', '멸치액젓', '굴소스', '설탕', '진간장', '물엿 또는 올리고당']"
뼈없는국물닭발,뼈없는국물닭발,"['무뼈닭발', '밀가루', '소주', '물', '물', '간장', '고춧가루', '고추장', '다진마늘', '설탕', '올리고당', '깨', '후추', '참기름', '소금']"
마라닭똥집볶음,마라 닭똥집 볶음 레시피 닭모래집 손질법,"['닭근위', '마라소스', '양파', '마늘', '파', '청양고추', '식용유', '소주', '소금', '밀가루', '물']"
차지키닭가슴살샐러드,그리스식 건강한 요거트 소스~ 샐러드로 먹으니 너무 신선해요. 차지키닭가슴살샐러드,"['그릭요거트', '딜', '오이', '마늘', '레몬즙', '올리브오일', '소금', '후추', '닭가슴살', '샐러드채소']"
데리야끼치킨스테이크,"데리야끼 치킨스테이크, 데리야끼소스 만들기","['닭다리살', '우유', '가니쉬채소', '고운소금', '후추', '다시마물', '진간장', '굴소스', '설탕', '올리고당', '다진마늘', '참기름', '맛술', '생강가루', '후추']"
닭곰탕면,닭곰탕면,"['사골곰탕', '소면', '깨소금', '대파', '닭가슴살']"
고구마닭조림,간장소스가 끝내줘요~닭고구마 간장조림 ,[]
레몬치킨스테이크,[티몬레시피] 레몬 치킨 스테이크,"['닭고기', '미니 방울양배추', '레몬', '깐 마늘', '요리유', '바질', '로즈마리', '바질 패스토', '편이 카레용 채소', '양송이버섯', '방울토마토', '어린잎 채소믹스']"
김치닭갈비볶음밥,김치 닭갈비볶음밥~남은닭갈비양념활용,"['남은 닭갈비 양념장', '잘익은 배추김치', '김가루', '흰밥', '버터 오일', '조림간장', '설탕', '통깨']"
수제비후라이드치킨전골,매콤한 수제비 후라이드 치킨 전골,"['후라이드 치킨', '대파', '호박', '양파', '양배추', '오징어 몸통', '깻잎', '청양고추', '당근', '물', '고춧가루', '고추장', '설탕', '다진마늘', '국간장', '소금']"
마늘닭고기덮밥,초간단 마늘 닭고기덮밥 만드는 법,"['닭다리살', '대파', '마늘', '밥', '식용유', '소금', '통깨']"
데리야끼치킨덮밥,데리야끼 치킨덮밥,"['남은', '양파', '간장', '올리고당', '마요네즈', '김']"
찹쌀녹두누룽지백숙,찹쌀 녹두 누룽지 백숙 잡내없이 맛있게 끓이는법,"['닭', '대추', '통마늘', '생강', '다진마늘']"
수비드삼계탕,"수비드요리, 수비드 안심 스테이크","['소고기안심', '올리브유', '소금', '후추', '버터', '꽈리고추', '통마늘', '양송이버섯', '방울토마토', '허브솔트', '와사비', '머스타드']"
마늘간장닭강정,마늘간장닭강정 만들기. 단짠단짠 매력적인 닭안심요리. 술안주. 아이들간식.,"['닭안심', '마늘', '마더소스', '올리고당', '물', '간장', '다진마늘', '설탕', '사과', '양파', '후춧가루']"
토마토훈제닭가슴살볶음밥,토마토 훈제 닭가슴살 볶음밥,"['흑미밥', '토마토', '훈제 닭가슴살', '마늘', '기름', '브로콜리', '식용유', '소금']"
죽순닭개장,술국으로 좋은 죽순닭개장!,"['닭', '죽순 삶은거', '대파', '무', '고사리 삶은거', '양파', '고추씨', '월계수잎', '마늘', '통후추', '고추가루', '다진마늘', '소금', '후추가루', '설탕', '치킨스톡']"
오렌지치킨샐러드,오렌지 치킨 커리 ,"['닭다리', '오렌지', '플레인요구르트', '카레가루', '꿀', '맛술', '소금', '파인애플통조림', '양파', '설탕', '양상추(치커리)', '얼음']"
누룽지오리백숙,"누룽지 오리백숙 끓이기, 기운 나는 보양식 추천!","['오리', '찹쌀 누룽지', '대파', '당근', '소금', '참기름', '후추', '청주', '양파', '가시오가피', '엄나무', '대추', '통마늘', '한약팩', '건고추', '물', '부추무침', '소금']"
닭개장전골,닭개장 전골 만들기 ,"['버섯', '양파', '닭고기살', '숙주나물', '소세지', '다시마', '멸치', '무우', '소금', '간장']"
전복닭백숙,"기름기 확 줄여서 만든 뜨끈한 국물, 몸보신요리 ♥전복닭백숙♥","['백숙용 생닭', '전복', '삼계탕용 한약재', '천일염', '대추', '통마늘', '가는파', '볶은소금', '깨소금', '후추']"
마늘치킨샐러드,남은 치킨으로 만드는 간단 마늘 치킨 샐러드!,"['남은치킨', '마늘', '양파', '어린잎(넣고싶은채소아무거나)', '간장', '맛술', '올리고당', '사과주스', '후추', '바질 가루', '식초', '참기름', '설탕', '소금']"
숙주닭고기덮밥,유아식단 숙주닭고기덮밥,"['숙주', '양파', '양배추', '닭고기', '간장', '굴소스', '올리고당', '설탕', '육수']"
바지락닭칼국수,마리텔 오세득 바지락 닭칼국수,"['바지락', '캔닭가슴살', '라면사리', '파', '고추', '소금 반', '다진마늘']"
치킨너겟포도샐러드,포도넣은 상큼한 치킨너겟 포도샐러드,"['치킨너겟', '포도', '블랙올리브', '베이비채소', '샐러드소스', '식초', '올리브오일', '홀그레인머스타드', '올리고당']"
토마토치킨샌드위치,토마토 스튜/남은 치킨으로 만든 토마토 요리,"['남은 치킨', '토마토', '천일염', '케첩', '카놀라유', '후추', '감자', '양파', '당근', '통마늘']"
떡볶이떡깐풍기,"만두, 떡볶이떡 깐풍기","['떡볶이떡', '만두', '메추리알', '양파', '홍고추', '청고추', '고추기름', '위에서다져둔파', '양파', '다진마늘', '간장', '물엿', '설탕', '굴소스', '물']"
치킨너겟계란볶음밥,치킨너겟 계란볶음밥 ,"['치킨너겟', '달걀', '대파', '들기름', '참깨', '굴소스', '소금']"
치킨마요삼각김밥,[가와지1호] 어제 남은 치킨으로 만든~!! 치킨마요 삼각김밥,"['가와지1호로 지은 밥', '삼각김밥용 김', '양파', '치킨', '마요네즈', '데리야끼소스', '참기름', '소금']"
해물삼계탕,시원한 해물 삼계탕 만들기,"['닭고기', '쭈꾸미', '전복', '바지락', '밤', '인삼', '삼계탕용한약재', '통마늘', '대파', '월계수잎']"
훈제닭가슴살샐러드,훈제 닭가슴살샐러드,"['모듬샐러드', '캔 옥수수알', '깐호두', '훈제닭가슴살', '말린 사과 칩', '플레인요거트', '새싹보리가루']"
숙주국물닭발,#마트냉동닭발을 이용한 국물닭발 만들기 #닭발볶음이 아닌 국물이 있는 매콤한 국물닭발이면 안주로 최고!!!!!,"['냉동닭발', '통후추', '월계수잎', '청주', '양배추', '양파', '마늘', '파', '고춧가루', '천연조미료육수', '청주', '매실액']"
닭가슴살깐풍기월남쌈,닭가슴살 깐풍기 월남쌈,"['닭가슴살', '파프리카', '숙주', '팽이버섯', '땡초', '양파', '파인애플', '깻잎', '간장', '청주', '후추', '소금', '설탕', '전분가루', '파인애플과즙', '다진마늘']"
삼계닭죽,가마솥 삼계닭죽,"['닭', '찹쌀', '대파', '당근', '양파', '소금']"
만두피치킨샐러드,집에남은 자투리야채를 활용한 만두피 치킨샐러드~,"['만두피', '자투리야채', '캔옥수수', '계란', '새싹채소', '귤', '닭가슴살', '밀가루', '빵가루', '케첩', '허니머스터드']"
닭강정김밥,HACCP 닭강정김밥,"['HACCP 치킨강정 매운맛', '밥', 'HACCP 김밥용 김', '상추', 'HACCP 슬라이스치즈', '당근', '쌈무', 'HACCP 소금']"
토마토카레닭볶음탕,"토마토 카레 닭볶음탕 만들기 - 방울토마토 요리, 여름 보양식, 복날음식","['닭고기', '감자', '양파', '당근', '방울토마토', '카레', '대파', '다진마늘', '다진생강', '진간장', '고추장', '굴소스', '참기름', '맛술', '매실청', '올리고당', '후추']"
치즈간장찜닭,멀티쿠커로 간편하게 완성하는 닭 요리! 치즈간장찜닭 ★,"['닭', '양파', '감자', '당근', '대파', '만두', '떡볶이 떡', '건고추', '모짜렐라치즈', '우유', '맛술', '후추', '소금', '간장', '흑설탕', '물엿', '다진 마늘', '다진 생강', '후추', '물']"
페스토치킨샌드위치,바질페스토 치킨 샌드위치,"['식빵', '치아바타', '닭가슴살', '양상추', '토마토', '바질페스토', '치즈', '마요네즈', '홀그레인머스타드']"
치킨텐더샌드위치, 또띠아 치킨텐더 샌드위치 만들기,"['치킨텐더', '또띠아', '치커리', '파프리카', '어린잎채소', '머스타드소스']"
단호박치즈닭볶음탕,닭볶음탕 황금레시피를 더특별하게! 단호박치즈닭볶음탕 만들기 했답니다!,"['닭볶음탕용 닭', '감자', '당근', '양파', '단호박(대)', '피자치즈(취향껏)', '누린내없앨 우유', '통후추', '월계수잎', '고추장', '간장', '올리고당', '물엿', '굴소스', '맛술', '양파', '마늘']"
치킨텐더또띠아샌드위치,치킨텐더또띠아샌드위치,"['치킨 텐더', '양상추', '또띠아', '하인즈 핫도그 렐리쉬', '머스타드소스', '피클']"
잡곡닭가슴살볶음밥,♥[신혼밥상] 잡곡닭가슴살볶음밥,"['잡곡 밥', '닭가슴살', '달걀', '새송이', '양파', '당근', '대파', '굴소스']"
냉이닭죽,아이들에게 봄기운을 불어 넣어 줄 냉이닭죽,"['냉이', '닭가슴살', '밥', '물', 'MSG']"
양념닭강정,시판 닭강정으로 양념닭강정 만들기 ,"['닭강정', '고추장', '토마토케첩', '매실액', '생강청', '술']"
쌍화탕찜닭,쌍화탕 한병 넣었는데 맛이 고급집니다. 쌍화탕 찜닭,"['닭', '당면', '식용유', '참기름', '다진마늘', '대파 1대 간장', '청주', '매실', '올리고당', '후추', '쌍화탕', '물', '감자', '양파', '청양고추']"
크랜베리치킨샌드위치,크랜베리 치킨 샌드위치 만들기,"['닭가슴살', '아몬드슬라이스', '크랜베리', '식빵', '토마토', '양상추', '마요네즈', '홀그레인머스터드', '후추']"
치킨가라아게동,남는 치킨과 모든 집에 있는 식자재로 간단하게!! 치킨 가라아게동!,"['밥', '남는 치킨', '양파(중간크기)', '계란', '간장', '맛술', '설탕']"
콜리플라워닭가슴살볶음,콜리플라워 라이스 요리 : 컬리플라워 그라탱,"['모차렐라 치즈', '토마토소스', '콜리플라워', '양파', '파프리카', '버터', '올리브오일', '소금']"
시금치닭칼국수,시금치닭칼국수,"['밀가루', '시금치(포항초2포기정도)', '계란', '양파', '당근', '소금', '참기름', '간장', '고추', '마늘', '참기름', '깨소금', '다래', '식초', '닭가슴살', '다시마', '마늘', '대파']"
새송이버섯닭도리탕,새송이버섯닭도리탕!,"['닭 볶음탕용', '감자', '새송이버섯', '대파', '월계수잎', '소주', '고추장', '고추가루', '다진마늘', '국간장', '올리고당', '설탕', '후추가루', '통깨']"
간장닭구이,간장닭구이,"['닭', '간장', '맛술', '굴소스', '설탕', '꿀', '물', '참기름', '후추', '마늘']"
닭다리백숙,복날 음식 닭다리 백숙 만들기,"['닭다리', '부추', '대파', '양파', '마늘', '고춧가루', '진간장', '연겨자', '다진 마늘', '식초', '설탕']"
로스트간장치킨,에어프라이어 로스트 간장 치킨..,"['닭', '생강술', '맛술', '다진마늘', '후춧가루', '간장', '올리고당', '레몬즙']"
꽈리고추닭강정,[식약처] 꽈리고추 닭강정,"['꽈리고추', '양파', '건고추', '마늘', '대파', '닭다리살', '백후춧가루', '식용유', '참깨', '전분', '달걀흰자', '굴소스', '올리고당', '다진마늘', '생강가루', '후춧가루']"
매콤콩크림닭갈비,"매콤 콩크림닭갈비, 매콤달콤 고소한 고추장크림닭갈비 레시피 with 정식품 콩국물 (feat. 닭갈비볶음밥)","['닭다리살', '정식품 콩국물', '버터', '맛술', '다진마늘', '생강차 or 생강청', '후춧가루', '고추장', '고춧가루', '다진마늘', '맛간장', '맛술', '매실청', '설탕', '참기름', '후춧가루', '케찹', '남은소스', '닭고기', '양파', '당근', '대파', '신김치', '찬밥', '김가루', '참기름', '모짜렐라치즈', '그라파다노 치즈가루', '깻잎', '냉동 우동면']"
닭갈비샌드위치,#양념닭갈비활용 #양념닭갈비샌드위치만들기 #사과꿀절임 #닭갈비와야채의만남!!,"['양념 닭갈비', '사과꿀절임', '양배추채', '쌈채소', '바베큐소스', '식빵', '사과', '꿀']"
매운찜닭,매운찜닭 ,"['중닭', '감자', '양파', '대파', '청양고추', '마늘', '생강', '매운굴소스', '청양고춧가루', '소금', '설탕', '물', '맛술', '후추', '참기름', '통깨', '간장']"
치킨마요덮밥,"치킨마요덮밥 만들기,치킨마요덮밥소스","['남은치킨', '양파', '계란', '양배추', '간장', '다진마늘', '올리고당', '물', '미림']"
숙주닭볶음탕,닭볶음탕(닭도리탕),"['닭', '물', '맥주', '감자', '양파', '당근', '양배추', '대파', '다진 마늘', '고춧가루', '고추장', '다진 파', '간장', '청주', '설탕', '참기름']"
닭강정소스,[닭가슴살치킨] 닭강정만들기 + 닭강정소스까지!,"['닭가슴살', '튀김가루 또는 전분', '식용유', '간장', '맛술', '꿀', '물', '다진마늘', '굴소스', '기름', '간장', '설탕', '맛술', '물', '물엿']"
전복닭꼬치구이,전복 닭 꼬치 구이,"['전복', '양파', '닭가슴살', '대파 흰부분', '노랑파프리카', '빨강파프리카', '칠리소스', '핫소스', '고추장', '다진마늘', '설탕', '물엿', '간장', '소금', '후추']"
표고버섯깐풍기,표고버섯 깐풍기 만들기,"['표고버섯', '양파', '대파', '청양고추', '식용유', '튀김가루', '전분', '물', '간장', '설탕', '식초', '다진 마늘']"
스모크닭가슴살볶음,데리야끼소스로 스모크햄볶음 만드는 법,"['스모크햄', '데리야끼소스', '맛살 2개', '다진 마늘', '참기름', '통깨', '올리브유']"
부추백숙,"신랑의 활력을 위해, 부추백숙","['백숙용 닭', '부추', '마늘', '대파', '양파', '소금', '황기', '헛개나무(상황에따라변경가능)', '간장', '물', '와사비', '소금', '후추']"
무뼈닭발튀김,야식땡길땐 뼈없는 닭발이지~ 무뼈닭발 만드는법,"['무뼈닭발', '모짜렐라치즈', '식용유', '고추장(듬뿍)', '고춧가루', '매운 고춧가루', '참치액', '간장', '물엿', '맛술', '설탕', '마늘', '생강가루', '후추', '소주']"
닭발치즈구이,오븐닭발치즈구이,"['닭발', '치즈', '밀가루', '청주', '월계수잎', '로즈마리', '검은깨', '오일', '고추장', '고춧가루', '매운 고운고춧가루', '간장', '올리고당', '참기름', '다진마늘', '생강가루', '후춧가루', '다진 청양고추']"
햄버거스테이크닭가슴살볶음밥,햄버거스테이크 닭가슴살 볶음밥 만들기,"['닭가슴살 캔', '양파', '피망', '수제 햄버거스테이크 패티', '파인애플 밥', '카놀라유', '소금', '후추', '참기름']"
김치닭가슴살볶음밥,김치닭가슴살볶음밥~~,"['다진대파', '다진김치', '닭가슴살캔 150g', '찬밥', '맛간장', '술 올리고당', '맛술', '참기름', '통깨']"
닭가슴살닭볶음탕,1인분 닭가슴살 닭볶음탕만들기,"['닭가슴살', '감자', '양파', '당근', '대파', '고추장', '고춧가루', '간장', '설탕', '다진마늘', '물', '미림', '후추']"
치킨너겟볶음밥,치킨너겟 볶음밥 만들기,"['치킨너겟', '밥', '간장', '당근']"
치킨마요볶음밥,치킨마요볶음밥,"['닭고기', '계란', '밥', '후추', '간장']"
갈릭치킨스테이크,마늘버터에 빠진 갈릭치킨스테이크 만들기 ★,"['닭다리살', '버터', '통마늘', '다진 마늘', '로즈마리', '간장', '설탕', '소금', '후추', '돈까스소스', '우스타소스', '케찹', '양파', '올리브유', '다진 마늘', '소금', '후추']"
묵은지찜닭,매콤한 묵은지찜닭 레시피,"['닭다리', '묵은지', '사골 국물', '우유', '양파', '청양고추', '간장', '고추장', '고춧가루', '다진 마늘', '설탕', '후춧가루']"
불닭발구이,#매운요리 #불닭발구이만들기 #불똥집구이만들기 #불향나는불닭발과똥집_눈물콧물나게매운요리,"['닭발', '닭똥집', '청주', '매운 양념', '고춧가루', '고추장', '다진마늘', '불맛향미유 기름', '캡사이신', '양조간장', '후추', '설탕', '통마늘', '썬파', '통깨', '참기름']"
데리야끼치킨샌드위치,톡톡 튀는 상큼함과 든든한 데리야끼치킨샌드위치 만들기,"['식빵', '닭가슴살', '오이', '양파', '버터', '연겨자', '미림', '소금', '후추', '진간장', '설탕', '굴소스', '데리야끼소스', '레몬즙']"
간장콜라찜닭,달짝지근한 간장 콜라찜닭 만들기♡,"['볶음탕용 닭', '대파', '감자', '홍고추', '청고추', '다진마늘', '정종', '콜라', '진간장']"
치킨샐러드김밥,샐러드김밥도 좋은데 치킨까지!? 치킨샐러드김밥,"['밥', '김', '삶은 닭가슴살', '오이 채', '게맛살', '양파채', '상추', '마요네즈', '머스터드']"
단호박두부깐풍기,단호박요리/단호박 두부 깐풍기,"['단호박', '두부', '청양고추', '홍고추', '깐마늘', '대파', '녹말가루', '식용유', '설탕', '양조간장', '굴소스', '식초']"
황태삼계탕,1일 1식 황태삼계탕 힘이불끈 여름보양식,"['9호닭', '찹쌀', '우리은행', '대추', '완두콩', '황태 대가리', '황태꼬랑지', '천일염', '후추']"
오골계삼계탕,오골계 삼계탕 ,"['오골계', '약재와대추', '마늘', '들깨']"
닭곰탕고기국수,#닭곰탕 #닭가슴살요리 #닭칼국수만들기 #닭곰탕을 이용해서 만드는 닭칼국수 ,"['닭곰탕', '해물유부주머니', '달걀지단', '후추', '김가루', '칼국수면', '양념장', '고춧가루', '새우젓', '다진마늘', '다진파', '육수']"
홍컵닭강정체다치즈소스,소스만들기)홍대거리에서 hot한 홍컵닭강정체다치즈소스 만들기,"['우유', '체다슬라이스치즈', '소금', '파마산치즈가루', '설탕']"
쑥치킨까스,치킨버거까지 만들어 먹는 치킨까스(닭가슴살치킨까스),"['닭가슴살', '허브소금', '밀가루', '빵가루', '달걀', '허니머스터드', '홀그레인머스터드', '양파', '슬라이스 피클', '후춧가루', '버터롤이나 모닝빵', '양배추채', '돈가스소스']"
오트밀닭죽,오트밀 닭죽,"['닭고기', '양파', '당근', '파프리카', '브로콜리', '오트밀', '다진마늘', '소금', '후추']"
양념치킨볶음밥,남은치킨으로 매콤달콤 양념치킨 볶음밥 만들기,"['밥', '남은치킨', '치킨무 또는 단무지', '고추장', '고춧가루', '케찹', '올리고당', '진간장', '다진마늘', '설탕', '마요네즈', '김가루', '깨']"
크림치즈치킨스테이크,크림치즈 치킨 스테이크,"['버터', '시금치', '닭 가슴살', '크림치즈', '피자치즈', '가루치즈', '소금', '후추']"
치킨무스팸주먹밥,치킨무 스팸 주먹밥 만들기 도시락 메뉴,"['밥', '스팸', '치킨무', '완두콩', '김자반', '참기름', '설탕', '참깨']"
느타리버섯닭곰탕,느타리 버섯닭곰탕 백선/순정/ 곤지7호 모양도 맛도 달라요,"['삼색 느타리버섯', '대파', '닭', '통마늘', '양파', '양파즙', '무', '후추', '국간장', '소금']"
닭칼국수라면,밥솥 치킨스톡 닭칼국수 라면,"['닭가슴살', '감자', '양파', '애호박', '라면사리', '물', '치킨스톡', '후춧가루', '진간장', '다진파', '청양고추', '고춧가루', '참기름', '통깨', '마늘가루']"
곤약닭조림,닭곤약국수 : 가벼운 국물에 가벼운 곤약국수! 가볍게 먹어요♥ ,"['닭가슴살', '실곤약', '청주', '소금', '오이', '표고버섯', '소금', '식용유', '물', '다시마', '국간장', '간장', '설탕', '식초', '소금']"
감자불닭볶음면,불닭볶음면끓이기,"['소고기', '간장']"
매콤간장치킨,에어프라이로 만든 매콤 간장치킨,"['닭날개', '청양고추', '우유', '간장', '설탕', '올리고당', '다진마늘', '후추', '미림']"
토종닭백숙,코로나극복 _ 토종닭백숙 쫄깃하니 맛나요,"['토종닭', '냄새잡는한약재', '된장', '청양고추', '커피']"
로스트치킨윙,로스트치킨윙,"['닭날개', '우유', '칠리소스 or 허니머스터드', '올리브유', '맛술', '굴소스', '올리고당', '다진마늘', '카레가루', '후추', '소금', '파슬리가루', '로즈마리']"
도라지닭봉조림,남편을 위한 도라지 닭봉조림,"['닭봉', '감자', '당근', '도라지', '대파', '간장', '맛술', '물', '꿀', '마늘', '깨소금', '참기름']"
땅콩마늘간장치킨,"단짠단짠 땅콩 마늘간장치킨/단체급식 인기메뉴/단체급식, 구내식당 레시피","['닭다리살', '맛소금', '생강즙', '맛소금', '후추', '미향', '전분', '튀김가루', '치킨 가루', '물', '마늘', '땅콩가루', '진간장', '물엿', '맛술', '설탕', '치킨스톡 가루', '생강', '마늘', '대파', '건고추', '청양고추', '청양 홍고추']"
치킨마요주먹밥,치킨마요주먹밥~남은 매운간장치킨 활용방법,"['남은치킨', '흰밥', '마요네즈', '굴소스', '김가루', '소금', '올리브유', '파슬리가루']"
매콤치즈닭강정,매콤치즈닭강정,"['닭가슴살', '옥수수캔', '전분가루', '식용유', '쪽파', '고추장', '케찹', '간장', '올리고당', '설탕']"
홍삼닭죽,다이어트 홍삼닭죽 만들기,"['양파', '부추', '당근', '닭안심', '다진마늘', '물', '홍삼정 스틱', '현미밥', '계란', '통깨']"
누룽지닭구이,참드림 쌀 / 누룽지 닭구이,"['닭볶음탕 닭', '참드림쌀로 지은 밥', '다진 마늘', '타임', '미림', '소금', '흑후추']"
윙봉간장치킨,윙봉 간장치킨 만들기,"['닭 윙봉', '소금', '후추', '올리브유', '전분가루', '우유', '간장', '꿀', '굴소스', '생수', '맛술', '다진마늘']"
순살찜닭,[하루한끼] 순살찜닭,"['닭다리살', '우유', '감자', '당근', '양파', '깻잎', '청양고추', '대파', '닭육수', '간장', '다진마늘', '맛술', '참치액', '매실액', '설탕', '참기름', '후추']"
치즈닭봉구이,치즈닭봉구이 군고구마와 닭봉에 치즈 듬뿍,"['시판용', '군고구마', '모짜렐라치즈', '콘프레이크', '로즈마리', '칠리소스', '핫소스', '발사믹글레이즈', '후추', '허브']"
돼지감자닭볶음탕,KBS1 여섯시내고향 밥도둑_돼지감자 닭볶음탕_박서란 요리연구가 ,"['닭고기', '돼지감자', '과일무', '양파', '대파', '간장', '고추장', '고춧가루', '다진마늘', '설탕', '물엿!']"
닭가슴살사골닭곰탕,"닭가슴살 사골 닭곰탕 (정말간단한 보양식, 복날음식)","['물', '사골 농축액', '소금', '통마늘', '닭가슴살', '파', '후추']"
된장닭갈비구이,삼시세끼 산촌편 된장닭갈비구이 만들기,"['닭정육', '된장', '다진 마늘', '소주', '후추', '청홍고추', '간장', '매실액']"
치킨샐러드샌드위치,유산지없이 만드는 치킨샐러드 샌드위치 ,"['식빵', '치킨너겟', '치즈', '슬라이스햄', '파프리카 노랑', '파프리카 빨강', '토마토', '유자청', '포도쨈', '허니버터아몬드 소스']"
인삼닭백숙,[공모전] 뜨끈한 국물요리 인삼닭백숙,"['생닭', '인삼', '대파', '통마늘', '가을무', '쪽파', '굵은소금']"
치즈닭갈비단호박찜,매콤함을 달래주는 달콤함! 맛 좋은 치즈닭갈비 단호박찜,"['단호박', '순살 닭고기', '양파', '대파', '양배추', '피자치즈', '깻잎', '떡볶이 떡', '설탕', '고춧가루', '맛술', '간장', '다진 생강', '다진 마늘', '고추장', '참기름', '후춧가루']"
닭가슴살샐러드파스타,닭가슴살 샐러드 파스타,"['닭가슴살', '펜네', '양상추', '과일', '파마산치즈가루', '올리브오일', '발사믹식초', '간장', '설탕', '레몬즙', '다진양파']"
누룽지영계백숙,닭백숙#영계백숙,"['닭(영계)', '찹쌀', '통마늘', '대추', '은행', '더덕', '도라지청', '굵은소금(닭 표면 닦는 용도)', '파', '소금']"
닭가슴살닭개장,"닭가슴살 닭개장 만드는법, 닭 육개장 끓이는법","['닭가슴살', '대파', '양파', '고춧가루', '숙주', '물', '다진 마늘', '국간장', '생강가루', '치킨스톡']"
상황버섯삼계탕,상황버섯 삼계탕 국물에 소면까지~ 후룩,"['닭 큰것', '상황 버섯', '인삼', '대추', '감초', '마늘', '느타리버섯', '국수', '당근', '호박', '부추', '소금', '겨자', '진간장', '식초', '물', '설탕']"
오븐닭다리구이,기름기가 쏘옥 빠진♥오븐닭다리구이,"['닭다리', '우유', '올리브유', '파슬리가루', '바질가루', '소금', '후추']"
닭가슴살샐러드피자,닭가슴살 샐러드 피자,"['참프레 순수 닭가슴살', '어린잎채소', '그릭요거트', '또띠아', '치즈']"
닭가슴살볶음라면,다이어트하면서도 즐기는 매콤한 닭가슴살볶음라면,"['라면', '닭가슴살', '양파', '쪽파', '두반장']"
양송이버섯닭고기덮밥,다이어트 식단으로 좋은 가벼운 한그릇! 양송이버섯 닭고기덮밥 ,"['닭안심살', '양송이버섯', '양파', '당근', '기름', '다진파', '간장', '물', '청양고추', '전분물', '소금', '후추', '청주', '후추']"
토마토닭가슴살샐러드,토마토 닭가슴살 샐러드,"['닭가슴살', '양파', '토마토', '치커리 야채종류', '설탕', '소금', '씨겨자', '다진양파', '식초', '레몬즙', '올리브유', '소금', '후추', '맛술']"
허니간장치킨,"배달비가 필요없이 집에서 해먹는 ""순살 허니간장 치킨""","['닭고기 안심', '우유', '튀김가루', '전분가루', '파프리카 가루', '후추 가루', '소금', '다진 마늘', '간장', '꿀', '청양고추', '굴소스', '맛술']"
표고버섯꽈리고추닭볶음,자취반찬 생표고버섯요리 표고버섯볶음 표고버섯꽈리볶음/꽈리고추볶음,"['생표고버섯', '꽈리고추', '물', '식용유', '진간장', '멸치액젓', '황설탕', '물엿', '후춧가루', '참기름', '깨소금']"
치킨너겟덮밥,치킨너겟덮밥 만들기,"['치킨너겟', '양배추', '돈까스소스']"
닭발무침,닭발무침 황금레시피(feat.이지갈릭/마늘가루),"['닭발', '맛술', '통후추', '통마늘', '생강채', '파뿌리', '월계수잎', '양파', '고추장', '고춧가루', '간장', '올리고당', '매실액', '후춧가루', '참기름', '다진마늘', '다진파', '통깨']"
닭가슴살치킨샐러드,닭가슴살 치킨샐러드,"['닭가슴살', '샐러드용 야채', '방울토마토', '녹말', '계란', '빵가루', '머스터드소스', '허브솔트', '청주']"
마요네즈간장양념치킨,주말에 치맥 안주 만들기/ 마요네즈 간장양념 치킨,"['냉동 치킨', '대파', '고명으로 견과류', '간장', '레몬즙', '설탕', '마요네즈', '참기름', '다진 마늘', '사과즙이나 양배추즙']"
만능간장닭볶음탕,닭볶음탕황금레시피~~만능간장으로 도전하세요,"['닭봉', '만능간장', '고추가루', '고추장', '양파', '대파', '청양고추']"
닭가슴살볶음밥브리또,닭가슴살볶음밥 브리또 만들기,"['닭가슴살', '토마토', '파프리카', '주키니호박', '당근', '샬롯', '모짜렐라치즈', '찬밥', '또띠아 멕시칸 타코 시즈닝', '칠리소스', '소금', '후추', '기름', '맛술', '건파슬리가루', '토마토', '로즈마리', '파프리카파우더']"
무뼈닭발볶음,무뼈 닭발 볶음..,"['무뼈 닭발', '된장', '월계수잎', '통후추', '소주', '고추장', '고춧가루', '간장', '참치액', '맛술', '들기름', '다진마늘', '다시다', '후춧가루', '통깨']"
마늘닭가슴살볶음밥,마늘닭가슴살 볶음밥 한그릇요리,"['닭가슴살', '대파', '청량고추', '다진마늘', '현미밥']"
녹두오리백숙죽,항암보양식 녹두 오리백숙죽 녹두 오리탕 겨울보양식으로 최고입니다.,"['오리', '황기', '대추', '대파', '마늘', '녹두', '찹쌀', '쌀', '죽염', '후추', '깨']"
매운후라이드치킨,에어프라이어로 바삭하고 매운 후라이드치킨 만들기 에어프라이 닭다리구이,"['닭다리', '마늘소금', '후추', '치킨튀김가루', '카레가루', '다진청양고추', '포도씨유']"
배추닭곰탕,진한 국물의 배추닭곰탕으로 몸건강 챙기기!,"['닭', '배추', '양파', '파', '참기름', '물', '통후추', '소주', '다진마늘', '소금']"
불닭발볶음면,불닭발볶음면,"['불닭발', '불닭볶음면', '치즈']"
노오븐닭봉구이,< 반찬 > 노오븐 연어구이 ,"['연어', '양파', '새송이버섯', '구운 김', '다진마늘', '진간장', '미향', '설탕', '참기름']"
라면닭곰탕,라면 닭곰탕,"['라면사리', '닭육수', '닭고기', '달걀(황지단.백지단)', '다진 파', '청양고추', '소금', '대추', '밤', '수삼', '간장', '닭육수', '고춧가루', '다진마늘', '다진고추', '다진파']"
호박닭가슴살볶음,치즈 늙은호박 닭가슴살 볶음,"['닭가슴살', '늙은호박', '당근', '양파', '버터', '식용유', '모짜렐라치즈', '고춧가루', '고추장', '진간장', '매실액기스', '유자차원액', '다진마늘']"
찹쌀닭죽, 남녀노소 좋아할 상황버섯 닭다리살로 찹쌀 닭죽 끓이기,"['상황 버섯 슬라이스', '닭다리살', '찹쌀', '당근 작은거', '양파 작은거', '감자', '대파', '쪽파', '소금', '후추']"
아보카도치킨샌드위치,아보카도 치킨샌드위치,"['바게트 20cm', '할라피뇨', '후추', '닭다리살', '엑스트라버진올리브오일', '타임', '소금', '후추', '노란 파프리카', '빨간 파프리카', '엑스트라버진 올리브오일', '타임', '소금', '아보카도', '엑스트라버진 올리브오일', '라임', '소금']"
치즈닭도리탕,치즈닭도리탕,"['닭', '감자', '양파', '매운고추', '간장', '고추장', '고추가루', '다진마늘', '설탕']"
인삼간장치킨,인삼 간장치킨,"['볶음탕용 닭고기', '치킨 튀김가루', '우유', '물', '인삼', '식용유', '소금', '후추', '간장', '꿀', '미림', '양파', '깐마늘', '청량고추']"
치킨텐더모닝빵,치킨 텐더 만들기,"['닭안심', '우유', '마요네즈', '빵가루', '마요네즈', '머스타드', '꿀']"
퀴노아닭가슴살샐러드,[식약처] 퀴노아 닭가슴살 샐러드,"['수박껍질', '토마토', '닭가슴살', '감자', '가지', '양파', '피망', '아스파라거스', '퀴노아', '리코타치즈', '양상추', '플레인요구르트', '어린잎채소', '복분자', '레몬즙']"
땅콩닭강정,여주의맛_땅콩 닭강정,"['치킨너겟', '다진땅콩', '백설스위트칠리소스']"
왕닭발볶음,(술안주)국물 닭똥집 왕닭발볶음!,"['닭발', '닭모래집', '대파', '월계수잎', '편생강', '통후추', '소주', '고추장 크게', '고추가루', '다진마늘', '진간장', '올리고당', '설탕', '후추가루', '소금', '참기름', '통깨']"
크림치킨까스,주말추천메뉴! 고소한 크림소스를 얹은 바삭한 한입! 크림치킨까스 ,"['닭가슴살', '빵가루', '밀가루', '달걀', '소금', '후추', '다진양파', '다진마늘', '새송이버섯', '양송이버섯', '생크림', '파슬리가루']"
브로콜리닭가슴살샐러드,"구운 브로콜리 샐러드, 브로콜리 데치지 말고 구워 드세요","['브로콜리', '새송이버섯', '아몬드슬라이스', '허브솔트', '발사믹글레이즈', '올리브유']"
뼈없는후라이드치킨,후라이드 치킨 만들기 기름에 직접 튀겨 만든 후라이드치킨,"['닭고기', '소금', '후추', '치킨튀김가루', '물', '빵가루', '파슬리', '식용유']"
닭봉간장치킨,닭봉 간장치킨,"['닭봉', '청주', '허브솔트', '생강술', '간장', '굴소스', '생강술', '물', '흑설탕', '식초']"
나물닭개장,명절 추석요리 남은 음식 활용 / 나물 닭개장,"['나물', '닭', '통마늘', '대파', '통후추', '물', '다진 마늘', '고춧가루', '간장', '소금', '후춧가루']"
데리야끼닭가슴살스테이크,초간단 데리야끼닭가슴살스테이크 만들기,"['닭가슴살', '양파', '대파', '데리야끼소스', '후추', '소금', '맛술']"
매콤순살양념치킨구이,에어프라이어로 만드는 매콤 순살 양념 치킨 구이,"['닭다리살 정육', '고추장', '고춧가루', '간장', '맛술', '설탕', '다진마늘']"
치킨너겟샐러드,치킨너겟 샐러드 ,"['비엔나햄소시지', '양파', '마카로니', '옥수수통조림', '치킨너겟', '마요네즈', '머스터드소스']"
들깨삼계탕,걸죽한 들깨삼계탕,"['생닭', '인삼', '밤', '대추', '통마늘', '찹쌀', '물', '물', '날콩가루', '벗긴 들깨가루', '찹쌀가루', '소금']"
무청시래기닭조림,무청시래기 닭조림,"['닭(중간크기)', '시래기', '마늘', '대파', '고추장', '고추가루']"
단호박닭백숙,단호박닭백숙,"['닭', '단호박', '수삼', '대추', '홍삼액기스', '물', '소금']"
인삼닭꼬치,인삼닭꼬치 ,"['인삼', '닭안심', '후춧가루', '소금', '맛술', '고추장', '간장', '올리고당', '설탕', '맛술', '참기름']"
단호박닭꼬치,[식약처] 단호박닭꼬치,"['닭다리살', '우유', '소금', '후춧가루', '떡볶이떡', '단호박', '양파', '대파', '고추장', '다진마늘', '다진양파', '케첩', '올리고당']"
고구마치킨퀘사디아,고구마치킨퀘사디아 초간단 멕시코 요리 즐기기☆,"['또띠아', '편의점 고구마 샐러드', '편의점 치킨꼬치', '청피망', '홍피망', '피자치즈']"
청양고추닭볶음탕,칼칼한 청양고추닭볶음탕,"['닭', '감자', '당근', '양파', '청양고추', '생강', '마늘', '파', '고추장', '고춧가루', '간장', '맛술', '설탕', '소금', '후춧가루', '월계수잎']"
한방영계백숙,한방영계백숙 레시피 :: 더운 날씨 몸보신 하기 딱!,"['마늘', '영계 닭', '대파', '물', '보쌈 육수 소스', '통후추']"
오징어깐풍기,오징어깐풍기,"['오징어', '기름', '다진마늘', '다진파', '다진홍고추', '참기름', '청주', '후추', '소금']"
베이컨치킨볶음밥,베이컨 치킨 볶음밥,"['묙우촌 베이컨', '목우촌 닭가슴살', '실파', '양파', '밥', '진간장', '양파즙', '참기름', '소금', '후춧가루', '통깨', '바비큐소스', '올리브오일']"
치즈롤치킨까스,고소한 치즈롤 치킨까스,"['닭가슴살', '3색 파프리카', '모짜렐라치즈', '체다슬라이스치즈', '빵가루', '튀김가루', '계란', '후춧가루', '사브로소 포도씨유', '곁들일 양배추', '기꼬망 허니머스터드 마리네이드 소스', '큐피 화풍장유 참깨 드레싱', '불독돈까스소스']"
쌈장닭갈비,쌈장 닭갈비,"['닭고기', '양파', '당근', '숙주', '소금', '후춧가루', '백설건강을생각한요리유', '해찬들사계절쌈장', '올리고당 (백설)', '맛술']"
치킨너겟카레덮밥,치킨너겟 카레덮밥 만들기,"['너겟', '카레', '양파', '당근', '옥수수통조림', '완두콩', '카레가루']"
어묵깐풍기,색다른 어묵깐풍기,"['어묵', '전분', '당근', '양파', '브로콜리대', '기름', '간장', '식초', '설탕', '맛술', '물', '통깨']"
치킨텐더닭가슴살튀김,치킨텐더 닭가슴살튀김 한가위에 쉽고 맛있게 만들기 황금레시피,"['닭가슴살', '튀김가루', '카레가루', '식용류', '다진마늘', '소주', '후추', '꽃소금', '다진마늘', '카레가루', '통후추', '소금', '소주']"
대파불닭볶음면,불닭볶음면끓이기,"['소고기', '간장']"
치킨까스덮밥,치킨까스 덮밥,"['닭가슴살', '달걀', '양파', '표고버섯', '대파', '밀가루', '빵가루', '가츠오부시', '4cm길이 다시마', '간장', '설탕']"
구기자야채닭죽,구기자 야채닭죽 끓이기,"['닭가슴살', '구기자', '불린쌀', '브로콜리', '양파', '당근', '참기름']"
간장닭봉조림,간장닭봉조림,"['닭봉', '닭가슴살', '우유', '다진마늘', '청주', '올리브유', '소금', '후추', '생강가루', '파', '청양고추', '마늘', '진간장', '설탕', '올리고당', '맛술', '레몬즙', '물']"
양념치킨밥,양념치킨 소스에 밥 비벼먹는 거 좋아하는 사람? 양념치킨 밥 만들기,"['쌀밥', '비엔나 소시지', '케찹', '고추장', '다진마늘', '올리고당', '설탕', '물']"
마늘간장치킨소스,밥솥 활용한 마늘간장 치킨소스 ,"['후라이드치킨', '진간장', '맛술', '설탕', '꿀', '마늘가루', '소고기다시다']"
매운양념닭발,비 오는 밤 야식메뉴는 매운양념닭발,"['된장', '맛술이나 소주', '월계수잎', '통마늘', '후추', '생강가루 듬뿍', '올리고당', '생강가루', '후추', '고추장', '고운고춧가루', '굵은고춧가루', '월남고추', '간장', '굴소스']"
마늘통닭구이,초간단 에어프라이어 마늘통닭구이,"['통닭', '올리브유', '허브맛솔트', '다진마늘', '통마늘']"
흑마늘삼계탕,흑마늘 삼계탕,"['토종삼계닭', '대추', '마늘', '찹쌀', '흑마늘진액']"
닭가슴살샐러드또띠아,요구르트소스를 곁들인 닭가슴살 샐러드 또띠아,"['또띠아', '닭가슴살', '양상추', '올리브유', '허브소금', '후추가루', '플레인요구르트', '다진양파', '소금', '토마토', '할레페뇨', '다진양파', '마요네즈']"
한식풍닭가슴살스테이크,[식약처] 한식풍닭가슴살스테이크,"['닭가슴살', '미나리', '쌀', '청경채', '무', '맛간장', '고춧가루', '다진마늘', '물', '된장', '매실청', '들기름', '다진양파', '검은깨', '다진마늘']"
닭가슴살닭죽,닭가슴살 닭죽 끓이는법,"['닭가슴살', '찹쌀', '당근 듬뿍', '애호박 듬뿍', '부추 듬뿍', '들기름', '다진마늘', '소금', '후추', '물', '대파', '양파', '통마늘', '삼계탕 재료']"
들깨닭칼국수,들깨 닭칼국수,"['닭', '황기', '밀가루', '물', '애호박', '표고버섯', '들깨가루', '소금']"
오렌지닭가슴살샐러드,담백한 리코타 오렌지 닭가슴살 샐러드,"['오렌지 닭가슴살', '빨강파프리카', '노랑파프리카', '초록파프리카', '리코타 치즈', '바질', '유자청', '우유', '레몬', '소금']"
불양념치킨,"편스토랑 류수영 만원치킨 4탄, 불양념치킨 레시피","['닭볶음탕용닭(10호)', '대파', '고춧가루', '설탕', '간장', '케첩', '고추장', '굴소스', '다진 마늘', '다진 생강', '물엿', '소금', '통후추', '식용유']"
참나물닭가슴살샐러드,[참나물 닭가슴살 샐러드] 샐러드로 반찬으로 좋은 참나물샐러드~다이어트 샐러드,"['참나물', '닭가슴살', '소금', '마늘', '매실즙', '2배사과식초']"
무뼈불닭발,"스트레스 가득할 땐 이 것!! 매콤한 ""무뼈불닭발""","['무뼈닭발', '양파', '파', '된장', '소주', '마늘', '후추', '고추장', '고추가루', '간장', '매실청', '올리고당', '참기름', '소주', '후추', '다진마늘', '설탕', '마늘', '청양고추', '물']"
고등어깐풍기,씨푸드프롬노르웨이와 함께하는 노르웨이 고등어를 이용한 고등어깐풍기!!!,"['노르웨이 고등어', '통마늘', '단호박', '대파', '홍고추', '청고추', '양파', '미니사과', '페페론치노', '다진마늘', '진간장', '설탕', '굴소스', '맛술']"
옻닭백숙,집에서 간편하게 옻요리하기.보양식 옻닭백숙 만들기,"['닭한마리', '임실 한방에 옻육수 해물맛', '마늘', '찰밥', '당근', '감자(小)']"
치킨너겟마요덮밥,치킨너겟마요덮밥,"['치킨너겟', '파', '계란', '김', '마요네즈', '간장소스', '간장', '설탕', '식초']"
묵은지닭볶음탕,묵은지닭볶음탕,"['닭다리', '청주', '감자', '양파', '대파', '청양고추', '쪽파', '묵은지', '다시마육수', '통깨', '고춧가루', '간장', '맛술', '설탕', '다진마늘', '후추']"
불닭발오돌뼈덮밥,#줄서는식당따라하기 #불닭발오돌뼈덮밥만들기 #계란말이 #맛집따라하기,"['미나리', '불닭발', '오돌뼈', '계란', '쯔유', '육수', '어린잎채소', '밥', '식용유']"
치킨너겟떡볶음,초간단 간식 치킨너겟 떡볶음,"['떡볶이떡', '치킨너겟', '고추장', '케찹', '올리고당']"
닭가슴살스테이크샌드위치,영양간식으로 좋은 닭가슴살스테이크 샌드위치,"['식빵', '닭가슴살스테이크', '달걀', '슬라이스치즈', '채소']"
매콤닭고기덮밥,남은 치킨 요리 매콤 닭고기덮밥으로 즐겨봐요,"['치킨 살코기', '양파', '깻잎', '청양고추', '고추장', '고춧가루', '간장', '올리고당', '맛술', '참기름', '통깨', '물']"
통삼겹까르보불닭볶음면,통삼겹 까르보 불닭볶음면,"['통삼겹 돼지고기', '라이트 불닭볶음면', '우유', '치즈', '청양고추']"
새우닭가슴살샐러드,새우닭가슴살샐러드,"['닭가슴살 한덩이(', '양파', '오이', '새우', '실곤약', '소금', '통마늘', '후춧가루', '연겨자', '설탕', '다진마늘', '마요네즈', '식초', '물', '참깨', '후춧가루']"
전복오리백숙,더비비고 건강한식 CJ영양오리백숙 간편식으로 건강한 전복오리백숙,"['CJ영양오리백숙', '전복', '표고버섯', '청양고추', '홍청양고추', '파', '소금']"
매운닭발,매운닭발,"['닭발', '대파', '깻잎', '간장', '고춧가루', '고운고추가루', '다진마늘', '올리고당', '매실액', '생강', '소주', '쌀뜬물', '후추', '사이다']"
치폴레치킨랩,치폴레 치킨랩 만들기 매콤 달콤한 맛에 풍덩! 간단스낵으로 추천해요,"['또띠아 20cm', '닭가슴살', '양파', '토마토', '양상추', '길쭉한 오이피클', '모짜렐라치즈', '체다치즈', '식용유', '다진마늘', '치폴레소스', '맛소금(마늘소금)', '파프리카 가루', '큐민가루', '맛술', '후추']"
닭곰탕떡국,닭곰탕떡국~간단한그릇,"['남은닭곰탕', '떡국떡', '청양고추', '대파', '소금', '물', '다진마늘']"
닭꼬치콥샐러드,콥샐러드,"['닭가슴살', '옥수수캔', '방울토마토', '아보카도', '청상추', '계란', '노란파프리카', '리코타치즈', '체다샐러드용치즈', '발사믹소스', '올리브오일', '올리고당', '다진양파', '레몬즙']"
만두깐풍기,만두 깐풍기 간식 만들기,"['물만두(시판)', '양파', '대파', '깐마늘', '홍고추', '풋고추', '식용유', '간장', '청주', '설탕', '식초']"
마늘닭볶음탕,마늘 닭볶음탕,"['닭', '당근', '감자', '양파', '통마늘', '백설스위트리알룰로스', '물', '백설닭볶음탕양념', '하선정다진마늘', '대두유']"
그릴드치킨샐러드,그릴드 치킨샐러드,"['닭가슴살', '발사믹드레싱', '화이트와인', '소금', '후춧가루', '생파마산치즈', '양상추', '치커리', '적비타민', '자몽', '블랙올리브']"
황태닭조림,황태닭조림만드는법- 딸에게# ~ 다시마가 더 맛나요,"['닭정육', '황태포', '다시마', '마른홍고추', '물', '간장', '다진파', '다진마늘', '설탕', '올리고당', '참기름', '깨', '후추']"
치킨샐러드유린기,"남은 치킨으로 만드는 중화요리 유린기 레시피 - 술안주, 양상추샐러드, 유린기소스","['남은 치킨', '양상추', '파프리카', '새싹채소', '기름', '진간장', '쯔유', '매실청', '레몬즙', '다진양파', '송송 썬 청양고추', '송송 썬 홍고추']"
묵은지김치닭도리탕,김치 닭볶음탕 레시피 묵은지 닭도리탕 백종원 묵은지닭볶음탕,"['묵은지', '닭', '양파', '감자', '대파', '월계수잎', '고춧가루', '진간장', '멸치 액젓', '다진 마늘', '매실청', '생강가루']"
양념치킨오븐구이,카레 닭 오븐구이 : 간단하게 오븐으로 닭구이하기,"['닭', '카레가루', '스테이크소스', '식초', '후추', '다진마늘', '청주']"
감자닭곰탕,"남은 백숙은 
감자닭곰탕으로~","['백숙남은거', '닭육수', '홍감자', '소고기다시다', '소금', '파']"
표고버섯닭백숙,"알토란, 봄 보양식! 표고버섯 닭백숙 레시피","['물', '건표고버섯', '닭', '통마늘', '대추', '한방 팩', '대파', '양파', '찹쌀', '소금']"
닭다리살지코바양념치킨,집코바 치킨 레시피 집에서 만드는 닭다리살 지코바 양념치킨,"['기름', '닭 정육', '우유', '대파', '맛소금', '우동면', '통깨', '모짜렐라치즈', '진간장', '간마늘', '생강청', '미림', '물엿', '설탕', '케찹', '굴소스', '고운고춧가루', '치킨스톡', '후추']"
닭발손질,닭발 손질...징그럽지만 꾹 참고 해 보는거야~~~*,"['닭발', '밀가루', '굵은소금', '물', '마늘', '월계수잎', '생강', '통후추', '소주']"
불닭죽,불닭죽 매운데 계속 들어가는 마약죽 ? ,"['라면', '불닭 소스', '불린 쌀', '달걀', '송송 썬 대파']"
한방삼계탕,무더위를 이겨낼 수 있는 한방삼계탕,"['영계닭', '찹쌀', '건대추', '생마늘', '건밤', '건황기', '건인삼', '은행', '부추', '소금', '후추']"
커리치킨샐러드,커리치킨샐러드,"['훈제닭가슴살', '로메인', '라디치오', '루꼴라', '마요네즈', '플레인요거트', '생크림', '카레여왕', '구운마늘', '구운양파', '꿀', '소금', '후추', '피스타치오']"
고구마간장닭볶음,고구마 간장 닭볶음 & 고구마밥,"['고구마', '볶음용닭', '당근', '양파', '간장', '고춧가루', '다진마늘', '매실액', '올리고당', '맛술', '생강가루', '닭육수']"
버터치킨덮밥,매력적인 인도의 맛. 버터 치킨 덮밥,"['닭고기(허벅다리)', '양파', '버터', '마늘', '소금', '카레 가루', '생강 가루', '고추 가루', '토마토 퓨레(토마토)', '코코넛 밀크(헤비 크림)', '플레인 요거트', '식용유']"
간장치킨구이,직접 만든 간장 치킨구이와 샐러드,"['닭', '양상추', '방울토마토', '오이', '간장', '청주', '아가베시럽', '다진마늘', '후추', '올리브오일']"
호박잎삼계탕,[식약처] 호박잎 삼계탕,"['호박잎', '닭가슴살', '찹쌀', '대추', '미나리', '인삼', '소금', '후춧가루']"
옻오리백숙,옻오리백숙,"['오리', '옻나무', '송이버섯', '마늘', '대추', '간장', '식초', '다진마늘', '설탕']"
데리야끼닭꼬치,데리야끼닭꼬치,"['닭가슴살', '소금', '후춧가루', '우유', '대파 흰부분', '마늘', '빨강파프리카', '꽈리고추', '마른홍고추', '양파', '생강가루', '대파', '마늘', '물', '물엿', '설탕', '청주', '간장', '통후추', '대추']"
황태간장닭볶음탕,황태 간장 닭볶음탕 황태를 추가해 특별한 환절기 보양식 요리,"['닭', '황태', '당근', '대파', '양파', '청양고추', '간장', '다진마늘', '맛술', '설탕', '후춧가루', '깨']"
아몬드닭조림,아몬드 닭조림,"['닭고기', '우유', '슬라이스아몬드', '마늘', '올리브유', '간장', '물엿', '참기름', '청주']"
허브닭가슴살샐러드,허브 닭가슴살 샐러드 만들기 ,"['닭가슴살', '양상추', '방울토마토', '채소', '로즈마리허브', '올리브유', '허브솔트', '간장', '식초', '올리브유', '올리고당', '레몬즙', '통깨']"
고추장닭도리탕,국물이 맛있는 고추장 닭도리탕 닭다리로 만들기,"['닭다리', '고추장', '진간장', '다진마늘', '올리고당', '다진생강']"
치즈불닭볶음밥,♡간단레시피 :: 치즈불닭볶음밥 만들기♡,"['닭다리살', '양파', '고추가루', '간장', '참기름', '후추', '남은 소주', '우유', '고추장', '물엿', '밥', '모짜렐라치즈', '다진마늘']"
두부치킨너겟간장조림,집밥 메뉴/반찬 만들기/두부 치킨너겟 간장조림.,"['두부', '식용유 두부 부침할', '치킨너겟', '살치살소고기', '쪽파 잎 부분', '쪽파 머리부분은 양념. 간장', '깨소금', '참기름', '굴 소스', '다진 마늘', '소주', '다진청양고추']"
길거리닭꼬치,길거리 닭꼬치,"['닭가슴살', '닭다리살', '고추장', '진간장', '소주', '다진마늘', '간양파', '소금', '후추', '소주', '바질']"
국물닭볶음탕,닭도리탕 국물 닭볶음탕 만드는 법,"['닭볶음탕용 생닭', '대파', '양파', '청양고추', '생수', '고춧가루', '진간장', '설탕', '간마늘', '생강가루', '후추', '소주']"
치킨무깍두기,남은 치킨무로 만든♥치킨무깍두기,"['치킨무', '고춧가루', '액젓', '설탕', '다진마늘']"
파김치닭볶음탕,김치닭볶음탕(닭도리탕),[]
치즈감자찜닭,치즈감자찜닭,"['찜닭', '치즈', '양파', '감자', '깨']"
해물찜닭,시원한 바다내음이 전해지는 해물닭찜,"['닭', '오징어', '새우', '감자', '당근', '양파', '청양고추', '다시마', '물', '녹말가루', '물', '소금', '후춧가루', '다진마늘', '참기름', '간장', '설탕', '물엿', '굴소스', '생강즙', '맛술']"
