Ingredient,is_included
LA갈비,
가다랑어,
가다랑어장국,
가다랑어포,
가다랑어포 간장,
가다랑어포 된장,
가다랑어포 후추,
가람마살라,.
가래떡,
가스오부시,
가시오가피,.
가쓰오부시,
가자미,
가지,
가지 두부,
가지 떡,
가지 발사믹소스 올리브오일,
가지 양파,
가지 연근,.
가지 피망,
가지색 미니파프리카,
가지색 미니파프리카 유자청,
간장,
간장 녹말,
간장 다시마,
간장 달걀,
간장 대파,
간장 새우,
간장 생강,
간장 생크림,
간장 올리고당,
갈비,
갈치,
감,
감귤,
감식초,
감자,.
감자 무,.
감자 밀,.
감자 방울토마토,
감자 버터,.
감자 올리브오일,.
강항,
강황,
강황 감자,.
강황 녹말,
강황 쌀,
검정깨,
검정깨 귀리,
게,
게맛살,
게맛살 어린잎,
게피,
겨자,
겨잣,
견과류,
견과류 간장,
계란,
계란 간장,
계란 녹말,
계란 다시마,
계란 당근,
계란 동치미,.
계란 마늘,
계란 문어,
계란 빵,
계란 사골,
계란 소고기,
계란 식용유,
계란 쌀,
계란 쌀 깨,
계란 양배추,
계란 치즈,
계란 콩,
계란 후추,
계피,.
고구마,.
고등어,
고사리,
고사리 버섯,
고수,
고추,
고추 가다랑어,
고추 간장,
고추 감자전분,.
고추 고구마,.
고추 굴소스,
고추 달래,.
고추 닭,
고추 대추,
고추 대파,
고추 돼지고기,
고추 된장,
고추 두부,
고추 두유,
고추 마늘,
고추 미나리,
고추 바나나,
고추 발사믹식초 마늘,
고추 백합,
고추 버섯,
고추 새우,
고추 설탕,
고추 쇠고기,
고추 식초,
고추 아스파라거스,
고추 올리브오일,
고추 참깨,
고추 콩,
고추 파,
고추 파프리카,
고추 해물육수,
고추기름,
고추냉이,.
고추장,
고추피클,
곤드레,
곤드레나물,
곤약,
곤약 마,.
골뱅이,
곰피,
과메기,
과일,
과자,
관자,
광어,
구기자,
국수,
굴,
굴소스,
귀리,
귤,
그라놀라,
그린비타민,
그린빈,
그린빈스,
그린치커리,
그린커리 페이스트,
근대,
근대 쌀,
금태,
기름,
김,
김치,
김치 두부,
김치 떡,
깁치국물,
까나리액젓,
깍두기,.
깨,
깨 간장,
깨 간장 새싹,
깨 고추,
깨 고추장,
깨 딸기잼,
깨 배,
깨 수삼,.
깨 청국장,
깨 토마토,
깨 후추 소고기,
깻잎,
깻잎 고추,
깻잎 당근,
깻잎 두부,
깻잎 무,.
깻잎 버섯,
깻잎 양파,
깻잎 파프리카,
깻잎장아찌,
꼬막,
꽁치,
꽃,
꿀,
꿀 올리브유,
꿀 토마토,
낙지,
날치알,
낫토,
냉이,
넛맥,
노두유,
녹말,
녹말 계란,
녹말 깻잎 튀김반죽 콩,
녹말 마늘,
녹말 쇠고기,
녹말 쇠고기 파,
녹말 양파,
녹말 어린잎,
녹차,
녹차 간장,
녹차 소금,
다슬기,
다시마,
다시마 간장,
다시마 대파,
다시마 된장,
다시마 된장 보리,
다시마 들깨,
다시마 마늘,
다시마 미역,
다시마물 양파,
단호박,
달래,.
달래 고추장,.
닭,
닭 된장,
닭 마늘,
닭 부추,
닭 쌀,
닭 요구르트,
닭 토마토,
닭 톳,
닭 후추,
당귀잎,
당귀잎 양파,
당근,
당근 간장,
당근 강황,
당근 고추장,
당근 깻잎,
당근 녹말,
당근 들기름,
당근 라이스페이퍼,
당근 마늘 올리브유,
당근 무,.
당근 버섯,
당근 브로컬리,
당근 셀러리,
당근 소스 레드와인 망고,
당근 식초,
당근 쌀,
당근 애호박,
당근 양파,
당근 적채,
당근 참기름,
당근 토마토,
당근 파프리카,
당면,
당면 두부,
당면 무말랭이,.
대구,
대두,
대두유,
대추,
대추 버섯,
대추 블루베리,
대파,
대파 간장,
대파 고추,
대파 달걀,
대파 당근,
대파 된장,
대파 두부,
대파 떡,
대파 마늘,
대파 멸치 된장,
대파 무,.
대파 바지락,
대파 버터,
대파 생크림,
대파 식용유,
대파 양파,
대파 토마토,
대파 홍합,
대하,
더덕,
데리야키소스 달걀,
데미글라스,
도라지,.
도미,
도토리,
도토리묵,
돈가스소스,
돈나물,
돌나물,
동치미,.
동태,
돼지갈비,
돼지갈비 양파,
돼지감자,.
돼지고기,
돼지고기 간장,
돼지고기 마늘,
돼지고기 소금,
돼지고기 쇠고기,
돼지호박,
된장,
된장 고추,
된장 멸치,
된장국 두부,
두릅,.
두반장,
두부,
두부 굴림만두 버섯,
두부 김치,
두부 달걀,
두부 마늘,
두부 애호박,
두부 오렌지,
두부 콩나물,
두유,
들기름,
들기름 배,
들기름 새싹,
들깨,
들깨 밀,
들깨 새우,
딜,
딸기,
딸기잼,
딸기쨈,
땅콩,
땅콩 고추장,
땅콩 순두부 사과,
땅콩호박,
떡,
떡 간장,
떡 고추장,
떡 다시마,
떡 당귀,
떡볶이양념 두부,
또띠아,
라디치오,
라면,
라면 다시마,
라면 카레,
라면면,
라면스프,
라이스페이퍼,
라이스페이퍼 양파,
라임,
라즈베리,
락교,
래디쉬,
래디쉬 고추장,
레드와인,
레드와인 새싹 치즈,
레드와인식초,
레디쉬,
레몬,
레몬 간장,
레몬 고추,
레몬 고추장,
레몬 들깨,
레몬 레드와인,
레몬 마요네즈,
레몬 설탕,
레몬 양파,
레몬 잣 바질,
레몬 타르타르소스 계란,
레몬그라스,
레몬소금,
레시틴,
로즈마리,
로즈마리 고구마,
로즈마리 마늘 오렌지,
로즈마리 소금,
로즈마리 쇠고기 돼지고기,
로즈마리 애호박,
로즈마리 참기름,
루꼴라,
루콜라,
르뱅 발효종,
리치캔,
마,.
마 마늘,
마늘,
마늘 간장,
마늘 강황,
마늘 고추,
마늘 고추장,
마늘 다시마,
마늘 닭,
마늘 대파,
마늘 된장,
마늘 로즈마리,
마늘 머스터드,
마늘 멸치 다시마,
마늘 밀,
마늘 버터,
마늘 빵,
마늘 사과,
마늘 쇠고기,
마늘 식용유,
마늘 애호박,
마늘 양배추,
마늘 양파,
마늘 어간장,
마늘 옥수수,
마늘 요거트,
마늘 우유,
마늘 참기름,
마늘 치자,
마늘 토마토,
마늘 파프리카,
마늘 푸실리,
마늘기름,
마늘기름 발사믹식초,
마늘기름 후추,
마늘오일,
마늘오일 양파,
마늘쫑,
마요네즈,
마요네즈 대추,
마요네즈 머스터드 설탕,
마요네즈 설탕 간장 다시마,
마요네즈 식초,
마요네즈 연어,
마요네즈 토마토,
마요네즈 파슬리,
마카다미아,
막걸리,
만두피,
만두피  간장,
맛살,
맛술,
맛술 간장,
맛술 설탕,
맛술 양파,
망고,
매생이,
매실,
매실 대파,
매실 천일염,
매실식초,
매실장아찌,
맥주,
머스타드,
머스터드,
머스터드 새싹,
머스터드 설탕,
머스터드 씨드,
머위대,
머윗대,
먹물,
먹물 토마토,
먹물파스타,
멍게살,
메밀,
메밀면,
메밀묵,
메이플시럽,
메추리알,
메추리알 소금,
메추리알 참기름,
멜론,
면,
멸치,
멸치 간장,
멸치 견과류 쌈장 다시마,
멸치 다시마 들기름,
멸치 마늘,
멸치 육수,
멸치액젓,
멸치육수,
명란젓,
명태,
무,.
무 간장,.
무 다시마,
무 양파,.
무 해물육수,.
무순,.
무순 된장,.
무순 마늘 식초,
무순 밀전병 단호박,.
무장아찌,.
무청,.
무화과,
묵은지,
문어,
물엿,
미나리,
미나리 간장,
미나리 고추장,
미나리 다시마 청국장,
미나리 밥 꼬막,
미더덕,
미림,
미숫가루,
미역,
미역 된장,
미역 쌀,
미역 찹쌀,
미향,
민들레,
민어,
민트,
민트 고추냉이,.
밀,
밀 간장,
밀 다시마,
밀 달걀,
밀 돼지고기,
밀 마늘,
밀 바지락,
밀 식용유,
밀 애호박,
밀 유자청,
밀 홀스레디쉬,
바게트,
바나나,
바나나 고구마,.
바나나 브로콜리,
바나나식초,
바닐라빈,
바지락,
바지락 된장,
바질,
바질 감자,.
바질 배,
발사믹소스,
발사믹소스 아스파라거스,
발사믹소스 양파,
발사믹식초,
발사믹식초 명이김치,
발사믹크림,
밤,
밤 유자청,
밤고구마,.
밥,
방아,
배,
배 양파,
배 파인애플,
배추,
배추 간장,
배추 무,.
배추김치,
백김치,
백김치 비트,.
백김치 참기름,
백년초,
백년초 호박,
백년초국수,
백앙금,
버섯,
버섯 간장,
버섯 계란,
버섯 고추,
버섯 근대,
버섯 다시마,
버섯 닭 된장,
버섯 당근,
버섯 당면,
버섯 두부,
버섯 땅콩,
버섯 마늘,
버섯 마늘 소금,
버섯 마늘 소금 후추,
버섯 버터,
버섯 부추,
버섯 브로콜리,
버섯 새우,
버섯 쇠고기,
버섯 애호박,
버섯 양파,
버섯 쪽파,
버섯 참기름,
버섯 채소,
버섯 파인애플,
버섯 파프리카,
버섯 피망,
버섯 함초,
버터,
버터 간장,
버터 고구마,.
버터 마늘,
버터 밀,
버터 버섯,
버터 쇠고기,
버터 스파게티,
버터 시금치,
버터 식용유 고구마,.
버터 양파,
버터 중력분,
버터 치킨스톡,
베이컨,
베이컨 마늘,
베이컨 무,.
베이킹파우더,
베이킹파우더 단호박,
병어,
보리,
보리 된장,
보리 미나리,
복분자,
복숭아,
복숭아 배,
봄동,
부추,
부추 견과류,
부추 고추,
부추 돼지고기 간장,
부추 두부,
부추 마늘,
부추 매실청,
부추 버섯,
부추 양배추,
부추 잣,
부추 파,
북어,
분유,
브로컬리,
브로컬리 김치 소고기,
브로컬리 단호박,
브로컬리 마늘,
브로컬리 버섯,
브로컬리 파인애플,
브로콜리,
블루베리,
블루베리 우유,
비름나물,
비타민,
비타민 유자 식초,
비트,.
비트 발사믹식초,.
빵,
빵 고추,
빵 기름 고추,
빵 기름 달걀,
빵 깨,
빵 파슬리,
뽕잎,
뽕잎 치자,
뽕잎국수 치자국수,
사골,
사과,
사과 설탕,
사과 양파,
사과 오이,
사과 토마토,
사워크림,
사이다,
산딸기,
살사소스,
삼계탕육수,.
삼치,
상추,
상추 된장,
새싹,
새싹 간장,
새싹 곤약,
새싹 마,.
새싹 밥 참기름,
새싹 복분자,
새싹 설탕,
새싹 식초,
새싹 오렌지,
새싹 완두콩,
새싹 잣,
새싹 후춧,
새우,
새우 고추,
새우 두부 계란,
새우 들깨,
새우 무,.
새우 밀,
새우 스파게티면,
새우 양파,
새우젓,
새우젓 대파,
샐러드 풋고추,
샐러리,
샐러리 대추,
생강,
생강 간장,
생강 겨자,
생강 녹말,
생강 다시마,
생강 쇠고기,
생강 올리고당,
생강 정종,
생강 카레,
생강 후추,
생선,
생선 계란,
생크림,
생크림 달걀,
생크림 당근,
생크림 두부,
생크림 땅콩,
생크림 버섯,
생크림 브로컬리,
생크림 설탕,
생크림 양배추,
생크림 요구르트,
생크림 조개,
석류,
설탕,
설탕 간장,
설탕 감자,.
설탕 고추,
설탕 깨,
설탕 꿀,
설탕 당근,
설탕 두부 된장,
설탕 마,.
설탕 마늘,
설탕 멜론,
설탕 발사믹,
설탕 브로컬리,
설탕 새싹,
설탕 소금,
설탕 식초,
설탕 쌀,
설탕 올리고당,
설탕 파프리카,
설탕 호두,
세발나물,
세발나물 마늘,
셀러리,
소고기,
소고기 간장,
소고기 오이,
소고기 참기름,
소고기 토마토,
소고기 파,
소금,
소금 간장,
소금 겨자,
소금 계란,
소금 고추,
소금 김치,
소금 김치국물 귤,
소금 까나리액젓,
소금 녹말,
소금 다시마,
소금 두유,
소금 들기름,
소금 마늘,
소금 마늘 올리브유,
소금 멸치,
소금 무,.
소금 밀,
소금 발사믹식초,
소금 백김치,
소금 새우,
소금 샐러드 마요네즈,
소금 생크림,
소금 소고기,
소금 쇠고기,
소금 쌀,
소금 양파,
소금 올리브유,
소금 와사비,
소금 우유,
소금 잣,
소금 팥,
소금 호박,
소금 후추,
소라,
소면,
소면 함초,
소불고기,
쇠고기,
쇠고기 버섯,
쇠고기 파,
수박,
수삼,.
수삼 양파,.
수수,
수수 쌀,
숙주,
숙주 계란,
숙주 대파,
숙주 쌀,
숙주 양파,
숙주 오징어,
순두부,
순두부 다시마,
순두부 마늘,
순두부 콩,
슈가파우더,
스리라차,
스위트칠리 아스파라거스,
스테비아,
스테이크시즈닝,
스파게티면,
스파게티면 참나물,
시금치,
시금치 당근,
시금치 대파,
시금치 버섯,
시금치 소금,
시금치 우유,
시금치 잣,
시금치 토마토,
시래기,
식빵,
식용유,
식용유 간장,
식용유 감,
식용유 감자,.
식용유 고기 후추,
식용유 고추,
식용유 고추장 토마토,
식용유 굴소스,
식용유 깨,
식용유 레몬,
식용유 마늘,
식용유 마요네즈,
식용유 배,
식용유 버섯,
식용유 브로컬리,
식용유 생강,
식용유 설탕,
식용유 소금,
식용유 쇠고기 전분,
식용유 식초,
식용유 양파,
식용유 오렌지,
식용유 오이,
식용유 올리고당,
식용유 정종,
식용유 치즈 우유,
식용유 케첩,
식용유 크림소스,
식용유 키위  간장,
식용유 토마토,
식용유 파프리카,
식용유 포도,
식용유 호두,
식초,
식초 간장,
식초 겨자 설탕,
식초 고기 설탕,
식초 녹말,
식초 비트,.
식초 새싹,
식초 석류 잣,
식초 소금,
식초 아몬드,
식초 양상추,
식초 올리브오일,
식초 함초,
식혜,
신선초,
실치,
쌀,
쌀 간장,
쌀 감자,.
쌀 고추장,
쌀 닭,
쌀 대파,
쌀 버섯 마늘 소금,
쌀 새싹채소,
쌀 소고기,
쌀 쇠고기,
쌀 요거트파르페 오렌지,
쌀 참기름,
쌀 청국장 버섯,
쌀 콩,
쌀 파스타소스 된장,
쌀국수,
쌈장,
쑥,
쑥갓,
쑥갓 다시마,
쑥갓 돼지고기,
쑥갓 멸치,
쑥갓 무,.
쑥갓 버섯,
쑥갓 쑥,
아가베,
아귀,
아몬드,
아몬드 밀,
아보카도,
아보카도 마요네즈,
아스파라거스,
아스파라거스 포도,
아욱,
아이스크림,
안심,
애호박,
애호박 감자,.
애호박 쇠고기,
애호박 쇠고기 설탕,
애호박 양파,
애호박 치즈,
액젓,
앤다이브,
앤쵸비,
야채육수,
양고기,
양배추,
양배추 깻잎,
양배추 라면,
양배추 설탕,
양배추 쇠고기,
양배추 파프리카,
양상추,
양상추 감자,.
양상추 고추,
양상추 발사믹식초,
양상추 새싹,
양파,
양파 간장,
양파 겨자,
양파 고추,
양파 고추장,
양파 까나리액젓,
양파 당근,
양파 대파 마,.
양파 두부,
양파 마늘,
양파 버터,
양파 빵,
양파 애호박,
양파 오이,
양파 올리브오일,
양파 요거트,
양파 참기름,
양파 카레,
양파 토마토,
양파 파프리카,
양파 함초,
양파 해초 설탕,
양파 화이트와인,
어간장,
어간장 고추,
어간장 고추장,
어간장 오렌지,
어간장 통깨,
어묵,
어묵 콩,
연근,.
연근 고기 파,.
연근 당근,.
연어,
연유,
열무김치,.
엿기름,
오가피,
오곡,
오곡밥,
오레가노,
오렌지,
오렌지 간장,
오렌지 당근,
오렌지 차돌박이,
오리고기,
오미자,
오이,
오이 간장,
오이 양파,
오이 파인애플,
오이피클,
오징어,
오징어 간장,
오징어 밀,
오징어 설탕,
오징어 소고기,
오트밀,
옥수수,
옥수수전분,
올리고당,
올리고당 고기 양파,
올리고당 굴소스,
올리고당 마요네즈,
올리고당 블루베리,
올리고당 참기름,
올리고당 토마토,
올리브,
올리브오일,
올리브오일 간장,
올리브오일 간장 레몬,
올리브오일 곤약,
올리브오일 당근,
올리브오일 두유,
올리브오일 마요네즈,
올리브오일 밀,
올리브오일 버섯,
올리브오일 버터,
올리브오일 브로컬리,
올리브오일 설탕,
올리브오일 소금,
올리브오일 식초,
올리브오일 양파,
올리브오일 오렌지,
올리브오일 오미자,
올리브오일 올리브오일,
올리브오일 요거트,
올리브오일 치즈,
올리브오일 치커리 두부,
올리브오일 카레소스 베이컨,
올리브오일 크림 밀,
올리브오일 토마토,
올리브오일 후추 마늘,
올방개묵,
와사비,
요거트,
요거트 꿀,
요거트 새싹,
요거트 캐슈넛,
요거트 후추,
요구르트,
우동면,
우렁,
우뭇가사리,
우스터소스,
우엉,.
우유,
우유 고추,
우유 녹차,
우유 된장,
우유 버터,
우유 사과,
우유 새싹,
우유 생크림,
우유 올리고당,
우유 우엉,.
우유 치즈,
울금,.
워터크레스,.
월게수,
월계수,
월계수 정향,
월계수 후추,
유부,
유자,
율무,
은행,
이스트,
이태리시즈닝,
인삼,.
인삼 올리브오일,.
자두,
자두 호두,
자몽,
잣,
잣 간장,
잣 대추,
장어,
적채,
전복,
전복 소라,
전복 쇠고기,
전분,
전분 고추장,
전분 된장,
전분 마늘,
전분 마요네즈,
전분 멸치,
전분 배,
젓갈,
정향,
젤라틴,
젤라틴 망고,
조,
조개,
조기,
조청,
족발,
주꾸미,
주꾸미 미나리 고추장 무,.
죽순,
죽순 양파,
쪽파,
쪽파 돼지고기,
쭈꾸미,
참기름,
참기름 간장,
참기름 고추 콩,
참기름 깨,
참기름 두릅,.
참기름 두릎,
참기름 두부,
참기름 들기름,
참기름 레몬 마요네즈,
참기름 마늘,
참기름 멸치,
참기름 쌀,
참기름 취나물,
참기름 파,
참기름 후추,
참깨,
참깨 간장 설탕,
참깨 된장 참기름,
참깨 레몬 설탕,
참깨 소금,
참깨 양파,
참깨 톳 설탕,
참께,
참나물,
참나물 깻잎,
참외,
참취,
참치,
참치ㅍ간장,
채소 가지,
채소 육수,
천연조미료,
청경재,
청경채,
청경채 무,.
청경채 쌀,
청경채 호박,
청국장,
청포묵,
체리,
체리 바나나,
체리 토마토,
초콜릿,
취나물,
치자,
치즈,
치즈 닭,
치즈 멥쌀,
치즈 밀,
치즈 새싹,
치즈 양상추,
치즈 양파,
치즈 월계수잎,
치즈 파슬리,
치커리,
치커리 사과,
치커리 시금치 우유,
카놀라유,
카스테라,
카카오,
칼국수면,
캐슈넛,
캐슈넛 버터,
캐슈넛 잣,
커리 소스,
커민,
커피,
컬리플라워,
케이퍼,
케일,
케일 오미자,
케일 참치 후추,
코다리,
코코넛,
코코넛 단호박,
코코아,
콜라비,
콜리플라워,
콜리플라워 브로콜리,
콩,
콩 간장,
콩 당근,
콩 쌀 밀 마늘 고추,
콩 참기름,
콩기름,
콩나물,
콩나물 닭,
콩나물 마늘,
콩나물 배추,
퀴노아,
큐민,
크랜베리,
크렌베리,
크렌베리 양파,
크린베리 간장,
크림,
크림 캐슈넛,
키위,
키위 파인애플,
키조개,
타임,
타피오카,
토란,.
토마토,
토마토 간장,
토마토 계피,
토마토 단호박,
토마토 닭,
토마토 돼지고기,
토마토 두부,
토마토 라면스프,
토마토 마늘,
토마토 무,
토마토 배,
토마토 버섯,
토마토 비트,
토마토 생크림,
토마토 설탕,
토마토 셀러리,
토마토 시금치,
토마토 양파,
토마토 올리브오일,
토마토 요거트,
토마토 치즈,
토마토 콩,
톳,
파,
파 간장,
파 고추,
파 마늘,
파 설탕,
파 파프리카,
파래,
파스타,
파스타면,
파슬리,
파슬리 머스타드,
파슬리 버터,
파슬리 설탕,
파슬리 올리브유,
파슬리 조개,
파슬리 토마토,
파인애플,
파인애플 고추장,
파인애플 버섯,
파채,
파프리카,
파프리카 간장,
파프리카 고추,
파프리카 녹말,
파프리카 당근,
파프리카 된장,
파프리카 두유,
파프리카 마늘,
파프리카 밀,
파프리카 버섯,
파프리카 소고기,
파프리카 양파,
파프리카 오이,
파프리카 유자,
파프리카 쪽파,
파프리카 토마토,
파프리카 토마토 발사믹소스,
파프리카 피망,
파프리카 후추,
팔각,
팥,
페퍼,
포도,
포도 대파,
포도 아몬드,
포도 양파,
포도 토마토,
푸룬,
푸실리,
피망,
피망 된장,
피망 마요네즈,
피망 배,
피망 양파,
피망 잣,
피쉬소스,
피스타치오,
피클,
피클 쇠고기,
함초,
함초 겨자,
함초 소금,
함초 소금 간장,
함초 소금 매실,
함초 소금 바게트 고추 버터,
함초 소금 발사믹식초,
함초 소금 토마토,
해바라기씨,
해초,
해초 발사믹식초,
햄,
햄 명태,
햄것,
허브,
헤이즐넛,
호두,
호두 귀리,
호두 망고,
호두 오이,
호두 참기름 간장,
호박,
호박 당근,
호박 바나나,
호박 밤,
호박 백년초,
호박 브로콜리,
호박 생크림,
호박 쌀,
호박 통깨,
호박씨,
호박잎,
홍시,
홍합,
홍합 다시마,
홍합 바지락,
황태,
황태 마늘,
후추,
후추 간장,
후추 고구마,.
후추 고수 고추,
후추 고추,
후추 고추장,
후추 깨,
후추 다시마,
후추 대추,
후추 대파,
후추 된장,
후추 두부,
후추 들기름,
후추 떡,
후추 레몬,
후추 레몬 설탕,
후추 마늘,
후추 마요네즈,
후추 밀,
후추 밀 시금치,
후추 밀 토마토,
후추 발사믹식초,
후추 버섯 양파,
후추 버터,
후추 버터 토마토,
후추 부추,
후추 불고기 간장,
후추 새싹,
후추 소고기,
후추 소금,
후추 수박,
후추 스파게티면,
후추 식용유,
후추 쌀,
후추 양파,
후추 오렌지,
후추 올리브오일,
후추 올리브유,
후추 우엉,.
후추 우유,
후추 잣,
후추 참기름,
후추 청국장 밥,
후추 콩,
후추 토마토,
후추 파프리카,
후추 포도,
휘핑크림,
흑임자,
흑임자 올리고당,
흰살생선,
흰앙금,
